id,gender,masterCategory,subCategory,articleType,baseColour,season,year,usage,productDisplayName
1164,Men,Apparel,Topwear,Tshirts,Blue,Winter,2015,Sports,Nike Men Blue T20 Indian Cricket Jersey
1165,Men,Apparel,Topwear,Tshirts,Blue,Summer,2013,Sports,Nike Mean Team India Cricket Jersey
1525,Unisex,Accessories,Bags,Backpacks,Navy Blue,Fall,2010,Casual,Puma Deck Navy Blue Backpack
1526,Unisex,Accessories,Bags,Backpacks,Black,Fall,2010,Sports,Puma Big Cat Backpack Black
1528,Men,Apparel,Topwear,Jackets,Black,Fall,2010,Sports,Puma Men Ferrari Black Fleece Jacket
1529,Men,Apparel,Topwear,Tshirts,Red,Fall,2010,Casual,Ferrari Tee
1530,Men,Apparel,Topwear,Jackets,Red,Fall,2010,Sports,Puma Men Ferrari Track Jacket
1531,Men,Apparel,Topwear,Tshirts,Grey,Fall,2010,Casual,Puma Men Grey Solid Round Neck T-Shirt
1532,Men,Apparel,Topwear,Tshirts,Grey,Fall,2010,Casual,Puma Men Grey Leaping Cat T-shirt
1533,Men,Apparel,Topwear,Tshirts,Red,Fall,2010,Casual,Puma Men Cat Red T-shirt
1534,Men,Apparel,Topwear,Tshirts,Black,Fall,2010,Casual,Puma Men Black Leaping Cat T-shirt
1535,Unisex,Accessories,Headwear,Caps,Black,Fall,2010,Sports,Puma Unisex Logo Cap
1536,Men,Apparel,Topwear,Tshirts,Black,Fall,2010,Sports,Puma Men Black Net Jersey
1537,Men,Apparel,Topwear,Tshirts,Red,Fall,2010,Sports,Puma Men Red Net Jersey
1538,Men,Apparel,Topwear,Tshirts,Blue,Fall,2010,Casual,Puma Men Ferrari Track Black T-shirt
1539,Men,Apparel,Topwear,Tshirts,Grey,Fall,2010,Casual,Puma Men Ferrari Grey T-shirt
1540,Men,Apparel,Topwear,Tshirts,Blue,Fall,2010,Casual,Puma Men Ferrari Vintage Black Polo T-shirt
1541,Men,Footwear,Shoes,Sports Shoes,White,Fall,2010,Sports,Puma Men's Ballistic Spike White Green Shoe
1542,Men,Footwear,Shoes,Sports Shoes,White,Fall,2010,Sports,Puma Men's Ballistic Rubber Shoe
1543,Men,Footwear,Shoes,Casual Shoes,Black,Fall,2010,Casual,Puma Men Basket-Biz Sneaker
1544,Men,Footwear,Shoes,Casual Shoes,White,Fall,2010,Casual,Puma Men's Basket Bump Sneaker
1545,Men,Footwear,Shoes,Casual Shoes,White,Fall,2010,Casual,Puma Men's Speed Cat Shoe
1546,Men,Footwear,Shoes,Casual Shoes,White,Fall,2010,Casual,Puma Men's Furore White Shoe
1547,Men,Footwear,Shoes,Casual Shoes,Black,Fall,2010,Casual,Puma Men's Ducati Sneaker
1548,Men,Footwear,Shoes,Sports Shoes,White,Fall,2010,Sports,Puma Men's Cell Exsis Sneaker
1549,Men,Footwear,Shoes,Sports Shoes,White,Fall,2010,Sports,Puma Men's Jiyu Slip On Sneaker
1550,Unisex,Sporting Goods,Sports Equipment,Footballs,White,Fall,2010,Sports,Puma Cat Trainer-WBL Football
1551,Unisex,Sporting Goods,Sports Equipment,Footballs,Orange,Fall,2010,Sports,Puma Power Cat Trainer-OB Football
1552,Unisex,Sporting Goods,Sports Equipment,Footballs,White,Fall,2010,Sports,Puma Power Cat Trainer-WR Football
1553,Unisex,Sporting Goods,Sports Equipment,Footballs,White,Fall,2010,Sports,Puma Power Cat Hard Ground Football
1554,Unisex,Accessories,Water Bottle,Water Bottle,Blue,Fall,2010,Casual,Quechua Blue Sipper
1555,Unisex,Accessories,Water Bottle,Water Bottle,Purple,Fall,2010,Sports,Quechua Red Sipper
1556,Unisex,Accessories,Bags,Backpacks,Black,Summer,2011,Sports,Quechua Forclaz Large Backpack - 50 ltr Orange
1557,Unisex,Accessories,Bags,Backpacks,Black,Summer,2011,Travel,Quechua Spacious Blue-Black Backpack
1558,Unisex,Accessories,Water Bottle,Water Bottle,Blue,Fall,2010,Sports,Quechua Easy-to-Carry Blue Water Bottle
1559,Unisex,Accessories,Bags,Backpacks,Blue,Summer,2011,Travel,Quechua Blue Light Backpack
1561,Women,Apparel,Topwear,Tshirts,White,Fall,2010,Sports,Quechua Women Sweat Proof White T-shirt
1562,Men,Apparel,Topwear,Tshirts,Grey,Fall,2010,Sports,Quechua Men Sweat Proof Grey T-shirt
1563,Men,Apparel,Topwear,Tshirts,Blue,Fall,2010,Sports,Quechua Men Sweat Proof Blue T-shirt
1565,Unisex,Accessories,Bags,Backpacks,Green,Summer,2011,Travel,Quechua Green Light Backpack
1566,Men,Accessories,Headwear,Caps,Black,Summer,2011,Sports,Artengo Men Black Cap
1567,Men,Apparel,Bottomwear,Shorts,Black,Fall,2010,Sports,Artengo Men Training Shorts
1569,Men,Apparel,Bottomwear,Shorts,Black,Fall,2010,Sports,Artengo Men Black Tennis Shorts
1570,Women,Apparel,Topwear,Tshirts,Black,Fall,2010,Sports,Artengo Women Tennis Singlet
1571,Men,Footwear,Shoes,Sports Shoes,White,Fall,2010,Sports,Kalenji Men's Super Soft Sports Shoes
1572,Men,Apparel,Bottomwear,Track Pants,Black,Fall,2010,Sports,Kalenji Mens Essential Training Track Pants
1573,Women,Apparel,Bottomwear,Track Pants,Grey,Fall,2010,Sports,Kalenji Women Athletes Grey Track Pants
1575,Men,Apparel,Topwear,Tshirts,White,Summer,2011,Casual,Kipsta Men Sports White T-shirt
1577,Unisex,Accessories,Headwear,Caps,Green,Fall,2010,Sports,Inesis Slim Shady Cap
1578,Men,Apparel,Topwear,Tshirts,Red,Fall,2010,Sports,Domyos Men Good Stroke Red T-shirt
1579,Men,Apparel,Topwear,Jackets,Grey,Fall,2010,Sports,Domyos Men Grey Second Skin Jacket
1580,Women,Apparel,Bottomwear,Swimwear,Black,Fall,2010,Sports,Nabaiji Women Cross-back Swimsuit
1581,Unisex,Accessories,Headwear,Caps,Pink,Summer,2011,Sports,Nabaiji Unisex Silicone Swimming Cap
1582,Unisex,Apparel,Bottomwear,Swimwear,Black,Summer,2011,Sports,Nabaiji Unisex Black Silicone Swimming Cap
1583,Women,Apparel,Bottomwear,Swimwear,Black,Fall,2010,Sports,Nabaiji Women Black Swimsuit
1584,Unisex,Apparel,Topwear,Jackets,White,Summer,2011,Casual,Domyos Unisex Feather-light Jacket
1587,Men,Footwear,Shoes,Sports Shoes,White,Spring,2010,Sports,Kipsta Men Superfit Football White Shoe
1588,Men,Apparel,Topwear,Tshirts,White,Fall,2010,Casual,Domyos Men White Dry-Fit T-shirt
1590,Men,Footwear,Shoes,Sports Shoes,Black,Fall,2010,Sports,Kipsta Men's F300 Football Shoe
1591,Men,Apparel,Bottomwear,Shorts,Red,Fall,2010,Sports,Kipsta Men Red Shorts
1592,Men,Footwear,Shoes,Sports Shoes,Red,Summer,2011,Sports,Kipsta Men's Superfit Football Red Shoe
1594,Unisex,Footwear,Shoes,Casual Shoes,Grey,Fall,2012,Casual,Newfeel Unisex Grey Mesh Lightweight Shoe
1595,Men,Apparel,Topwear,Tshirts,Black,Spring,2010,Sports,Domyos Men Good Stroke Black T-shirt
1596,Men,Accessories,Water Bottle,Water Bottle,Pink,Fall,2010,Sports,Quechua Easy-to-Carry Pink Sipper
1597,Women,Accessories,Bags,Handbags,Black,Summer,2011,Travel,Geonaute Women Black Outdoor Bag
1598,Women,Accessories,Bags,Handbags,Blue,Summer,2011,Travel,Geonaute Women Blue Outdoor Bag
1599,Women,Accessories,Bags,Handbags,Green,Summer,2011,Travel,Geonaute Women Green Outdoor Bag
1603,Men,Apparel,Topwear,Sweatshirts,Navy Blue,Fall,2010,Casual,Reebok Men Hoops Athletic Navy Sweatshirt
1604,Women,Apparel,Bottomwear,Track Pants,Blue,Fall,2010,Sports,Reebok Track Pants Women Blue
1605,Women,Apparel,Bottomwear,Track Pants,Black,Fall,2010,Sports,Reebok Black Track Pant
1607,Men,Apparel,Bottomwear,Track Pants,Blue,Fall,2010,Sports,Reebok Men trackpant- male Track Pants
1608,Men,Apparel,Bottomwear,Track Pants,Blue,Fall,2010,Sports,Reebok Track Pants Jet Black
1609,Women,Apparel,Topwear,Sweatshirts,Pink,Fall,2010,Sports,Reebok Women Boat-Neck Wildberry Sweatshirt
1610,Women,Apparel,Topwear,Jackets,Navy Blue,Summer,2011,Casual,Reebok Navy Jacket
1611,Women,Apparel,Topwear,Jackets,Black,Summer,2010,Sports,Reebok Knit Rib Women Black Jacket
1612,Men,Apparel,Topwear,Tshirts,White,Fall,2010,Casual,Reebok Orange & White Striped Polo T-shirt
1613,Men,Apparel,Topwear,Tshirts,White,Fall,2010,Casual,Reebok Men White Polo Tshirt
1614,Men,Apparel,Topwear,Tshirts,White,Fall,2010,Sports,Reebok T-shirt White Polo Tshirt
1615,Men,Apparel,Topwear,Tshirts,Navy Blue,Fall,2010,Casual,Reebok Men Navy Blue Polo T-shirt
1616,Men,Apparel,Topwear,Tshirts,White,Summer,2010,Sports,Reebok Men's Shoot White T-Shirt
1617,Men,Apparel,Topwear,Tshirts,Red,Fall,2010,Sports,Reebok Men Shoot T-Shirt Red
1618,Men,Footwear,Shoes,Sports Shoes,White,Summer,2010,Sports,Reebok Men United Runner White
1619,Men,Apparel,Bottomwear,Shorts,Grey,Fall,2010,Sports,Reebok Men Micro Shorts Grey and White
1620,Men,Apparel,Bottomwear,Shorts,Blue,Fall,2010,Sports,Reebok Men Micro Shorts
1621,Men,Apparel,Bottomwear,Shorts,Grey,Fall,2010,Sports,Reebok Men Micro Shorts Black and White
1622,Men,Apparel,Topwear,Jackets,Navy Blue,Summer,2016,Casual,Reebok Navy Knit Rib Jacket
1623,Unisex,Accessories,Bags,Backpacks,Red,Summer,2011,Casual,Reebok Unisex Red Backpack
1624,Unisex,Accessories,Bags,Backpacks,Black,Summer,2011,Sports,Reebok Silver-Black Laptop Backpack
1625,Men,Apparel,Topwear,Tshirts,Red,Fall,2010,Sports,Domyos Men Quick Dry T-shirt
1626,Unisex,Sporting Goods,Sports Equipment,Footballs,Blue,Summer,2011,Sports,Kipsta F300 Football Size 5 Football
1627,Unisex,Sporting Goods,Sports Equipment,Footballs,White,Fall,2010,Sports,Kipsta F300 Football
1628,Unisex,Sporting Goods,Sports Equipment,Basketballs,Brown,Summer,2011,Sports,Kipsta Xtra Bounce Basketball
1634,Men,Footwear,Shoes,Sports Shoes,White,Fall,2010,Sports,Inesis Water Repellent Canaveral Shoes
1635,Unisex,Footwear,Shoes,Casual Shoes,Red,Spring,2011,Casual,Newfeel Unisex Red Comfy Shoes
1636,Men,Footwear,Shoes,Sports Shoes,White,Fall,2010,Sports,Nike Men Air Zoom Century Shoes
1637,Men,Footwear,Shoes,Sports Shoes,White,Fall,2010,Sports,Nike Men White Cricket Shoes
1638,Unisex,Apparel,Bottomwear,Swimwear,Blue,Fall,2010,Sports,Nabaiji Swimming Goggles Blue Black
1641,Men,Footwear,Shoes,Sports Shoes,Silver,Fall,2010,Sports,Reebok Men's Hex Run Pure Silver Shoe
1642,Men,Footwear,Shoes,Sports Shoes,White,Fall,2010,Sports,Reebok Men Winning Stride White Red
1644,Men,Apparel,Topwear,Tshirts,Red,Fall,2010,Sports,Kipsta Men Loose Fit Round Neck Jersey Red
1645,Men,Apparel,Topwear,Tshirts,Black,Fall,2010,Sports,Kipsta Men Loose Fit Round Neck Jersey Black
1646,Women,Accessories,Bags,Backpacks,Grey,Summer,2011,Sports,Quechua Ultralight Backpack 16 Ltr Grey Bag
1647,Unisex,Accessories,Bags,Backpacks,Green,Summer,2011,Sports,Quechua Unisex Ultralight 16 Ltr Green Backpack
1648,Women,Accessories,Bags,Backpacks,Pink,Summer,2011,Travel,Quechua Ultralight Backpack Purple 16 ltr Bag
1649,Unisex,Footwear,Shoes,Casual Shoes,Blue,Spring,2012,Casual,Newfeel Unisex Comfy Cool Blue Shoe
1651,Women,Apparel,Topwear,Tshirts,Pink,Fall,2010,Sports,Domyos Women Style Pink T-shirt
1653,Men,Footwear,Shoes,Sports Shoes,Brown,Summer,2010,Sports,Reebok Men's Ventilator Ubiq Shoe
1654,Men,Footwear,Shoes,Sports Shoes,White,Fall,2010,Sports,Reebok Men's Frisker LP Shoe
1656,Unisex,Accessories,Headwear,Caps,Blue,Summer,2012,Sports,Nike Unisex Odi Day Cap
1657,Men,Footwear,Shoes,Sports Shoes,White,Fall,2010,Sports,Reebok Men's White High Wire Shoe
1658,Men,Apparel,Topwear,Jackets,Blue,Fall,2012,Sports,Nike Men Windrunner Blue Jacket
1662,Men,Apparel,Topwear,Jackets,Navy Blue,Fall,2012,Sports,Nike Men Blue Windrunner Jacket
1668,Men,Apparel,Topwear,Tshirts,Red,Fall,2010,Casual,Reebok Men Playdry Full Sleeved T-shirt Red
1670,Men,Apparel,Topwear,Tshirts,Grey,Fall,2010,Casual,Reebok Men Green Polo T-shirt
1671,Men,Apparel,Topwear,Tshirts,Black,Fall,2010,Casual,Reebok Men Black Polo T-shirt
1673,Men,Apparel,Topwear,Tshirts,Black,Fall,2010,Sports,Reebok Mens Lagoon Black T-shirt
1678,Men,Apparel,Topwear,Tshirts,Green,Fall,2010,Casual,Reebok Men Play Hard Cotton Green T-shirt
1689,Men,Apparel,Topwear,Tshirts,Blue,Fall,2010,Casual,Reebok Men Blue Polo T-shirt
1697,Unisex,Accessories,Bags,Backpacks,Black,Fall,2010,Sports,Puma Deck Black Backpack
1727,Unisex,Footwear,Shoes,Casual Shoes,Black,Winter,2015,Casual,Newfeel Unisex Black Lightweight Shoes
1728,Unisex,Footwear,Shoes,Sports Shoes,Green,Fall,2010,Sports,Newfeel Unisex Green Sports Shoes
1729,Unisex,Footwear,Shoes,Casual Shoes,White,Spring,2011,Casual,Newfeel Unisex White Shoes
1730,Women,Footwear,Shoes,Sports Shoes,Black,Fall,2010,Sports,Reebok Women Black Pink Frisker Shoe
1731,Women,Footwear,Shoes,Sports Shoes,White,Fall,2010,Sports,Reebok Women White Blue Frisker Shoes
1752,Men,Apparel,Topwear,Tshirts,Red,Fall,2010,Sports,Lotto Men Red Epic T-shirt
1754,Men,Apparel,Topwear,Tshirts,Black,Fall,2010,Sports,Lotto Men Marcello Black T-shirt
1755,Men,Apparel,Topwear,Tshirts,Red,Fall,2010,Casual,Lotto Men Jasper Street Red T-shirt
1756,Men,Apparel,Topwear,Tshirts,White,Fall,2010,Sports,Lotto Men White Polo T-shirt
1757,Men,Apparel,Topwear,Tshirts,Black,Fall,2010,Sports,Lotto Men Polo Slate Black Rugby T-shirt
1758,Men,Apparel,Topwear,Jackets,White,Fall,2010,Sports,Lotto Men White Collared Jacket
1759,Men,Apparel,Topwear,Tshirts,Grey,Fall,2010,Sports,Lotto Men Epic Grey T-shirt
1760,Men,Apparel,Topwear,Tshirts,White,Fall,2010,Sports,Lotto Men Marcello White T-shirt
1762,Women,Apparel,Topwear,Tshirts,Blue,Fall,2010,Sports,Lotto Women Cathy Blue T-shirt
1763,Women,Apparel,Topwear,Tshirts,Pink,Summer,2011,Casual,Lotto Women Cathy Pink T-shirt
1764,Women,Apparel,Bottomwear,Track Pants,Black,Fall,2010,Sports,Lotto Women Mid Cathy Track Pants
1765,Women,Apparel,Topwear,Tshirts,White,Fall,2010,Casual,Lotto Women White T-shirt
1766,Men,Apparel,Topwear,Tshirts,Blue,Fall,2010,Casual,Inesis Men Blue Polo T-shirt
1782,Men,Footwear,Shoes,Sports Shoes,Black,Fall,2010,Sports,Kalenji Men's Kapteren Black Shoe
1783,Men,Footwear,Sandal,Sandals,Grey,Spring,2011,Sports,Quechua Men Grey Sandal
1784,Men,Footwear,Shoes,Sports Shoes,White,Fall,2010,Sports,Lotto Men's Melbourne White-Red Shoe
1785,Men,Footwear,Shoes,Sports Shoes,White,Fall,2010,Sports,Lotto Men Brighton White-Blue Shoe
1786,Men,Footwear,Shoes,Sports Shoes,White,Fall,2010,Sports,Lotto Men's Court Logo White Shoe
1787,Men,Footwear,Shoes,Sports Shoes,White,Fall,2010,Sports,Lotto Men Court Logo White-Silver Shoe
1788,Men,Footwear,Shoes,Sports Shoes,White,Fall,2010,Sports,Lotto Men's Court-White-Blue Shoe
1789,Men,Footwear,Shoes,Sports Shoes,Orange,Fall,2010,Sports,Lotto Men OSLO Grey-Orange Shoe
1790,Unisex,Accessories,Bags,Backpacks,Beige,Fall,2010,Sports,Quechua Unisex Ultralight Beige Bag
1791,Unisex,Accessories,Bags,Backpacks,Black,Summer,2011,Sports,Quechua 10L Black Bag
1792,Unisex,Accessories,Bags,Backpacks,Blue,Summer,2011,Sports,Newfeel Marine Blue Bag
1793,Unisex,Accessories,Bags,Backpacks,Green,Summer,2011,Travel,Quechua 10L Green Bag
1794,Unisex,Accessories,Bags,Backpacks,Brown,Summer,2011,Sports,Newfeel Brown 22L Bag
1795,Men,Accessories,Bags,Backpacks,Black,Fall,2010,Sports,Newfeel 22L Black Bag
1796,Men,Apparel,Topwear,Tshirts,Blue,Fall,2010,Sports,Domyos Men Performance Blue T-shirt
1798,Men,Apparel,Topwear,Tshirts,Black,Fall,2010,Sports,Domyos Men Slt Compression T-shirt
1799,Men,Apparel,Bottomwear,Track Pants,White,Summer,2011,Sports,Domyos Men Blue & White Tracksuit
1800,Unisex,Accessories,Bags,Backpacks,Black,Summer,2011,Sports,Quechua Unisex Black Solid Backpack
1801,Women,Accessories,Bags,Backpacks,Pink,Summer,2011,Sports,Quechua Women 10L Pink Bag
1802,Men,Footwear,Shoes,Sports Shoes,Brown,Spring,2011,Sports,Quechua Men's Arpenaz Flex Yellow Shoe
1803,Unisex,Apparel,Topwear,Tshirts,Black,Fall,2010,Sports,Tribord Unisex Black T-shirt
1804,Men,Apparel,Bottomwear,Shorts,Black,Fall,2010,Sports,Kalenji Men Essential Baggy Black Shorts
1805,Men,Footwear,Shoes,Casual Shoes,Beige,Fall,2010,Casual,Quechua Men Forclaz 1OO Beige Shoe
1806,Men,Footwear,Sandal,Sandals,Brown,Spring,2011,Casual,Quechua Men Arpenaz Brown Sandal
1807,Men,Apparel,Topwear,Tshirts,Red,Fall,2010,Casual,Quechua Men G1 Techfresh Red T-shirt
1808,Unisex,Accessories,Water Bottle,Water Bottle,Purple,Fall,2010,Sports,Quechua Aluminium Print Water Bottle
1809,Women,Apparel,Topwear,Tshirts,Blue,Fall,2010,Sports,Decathlon Profilter Women Blue T-shirt
1810,Men,Apparel,Topwear,Tshirts,Red,Fall,2010,Sports,Tribord Profilter Red Men T-shirt
1811,Men,Apparel,Topwear,Tshirts,Orange,Fall,2010,Sports,Solognac Men Orange T-shirt
1812,Men,Apparel,Topwear,Tshirts,Green,Fall,2010,Sports,Solognac Men Green T-shirt
1813,Men,Apparel,Topwear,Tshirts,Blue,Fall,2010,Sports,Solognac Men Dark Blue T-shirt
1814,Men,Apparel,Topwear,Tshirts,Brown,Fall,2010,Sports,Solognac Men Chocolate Brown T-shirt
1827,Men,Footwear,Shoes,Sports Shoes,White,Fall,2010,Sports,Nike Men's Downshifter White/Blue Shoe
1828,Men,Footwear,Shoes,Sports Shoes,White,Fall,2010,Sports,Nike Men's Air Afterburner Shoe
1831,Men,Footwear,Shoes,Sports Shoes,Black,Fall,2010,Sports,Nike Men's Air Impetus Shoe
1832,Men,Footwear,Shoes,Sports Shoes,Black,Fall,2010,Sports,Nike Lunarswift Shoe
1833,Men,Footwear,Shoes,Sports Shoes,Black,Fall,2010,Sports,Nike Men's Ballista Shoe
1836,Men,Footwear,Shoes,Sports Shoes,Silver,Fall,2010,Sports,Nike Air Visi Sleek Shoes
1841,Men,Footwear,Shoes,Sports Shoes,White,Fall,2010,Sports,Puma Men's Calibre Convertible Spike Shoe
1842,Men,Footwear,Shoes,Sports Shoes,White,Fall,2010,Sports,Puma Men's Calibre Rubber Shoe
1844,Men,Apparel,Topwear,Tshirts,Blue,Summer,2011,Casual,Inkfruit Mens D day T-shirt
1845,Men,Apparel,Topwear,Tshirts,Blue,Summer,2011,Casual,Inkfruit Mens Surfer T-shirt
1846,Men,Apparel,Topwear,Tshirts,Blue,Summer,2011,Casual,Inkfruit Men Buddha Bless You T-shirt
1847,Men,Apparel,Topwear,Tshirts,Blue,Summer,2011,Casual,Inkfruit Mens Messy T-shirt
1848,Men,Apparel,Topwear,Tshirts,Black,Summer,2011,Casual,Inkfruit Men Wolf
1849,Men,Apparel,Topwear,Tshirts,White,Summer,2011,Casual,Inkfruit Mens Unbreakable Mumbai T-shirt
1852,Men,Apparel,Topwear,Tshirts,Blue,Summer,2011,Casual,Inkfruit Men Ride It Or Die T-shirt
1853,Men,Apparel,Topwear,Tshirts,Yellow,Summer,2011,Casual,Inkfruit Mens Little Bit More T-shirt
1854,Men,Apparel,Topwear,Tshirts,Purple,Summer,2011,Casual,Inkfruit Mens Pencho T-shirt
1855,Men,Apparel,Topwear,Tshirts,Grey,Summer,2011,Casual,Inkfruit Mens Chain Reaction T-shirt
1856,Men,Apparel,Topwear,Tshirts,Red,Summer,2011,Casual,Inkfruit Men Rebel Without a Clue T-shirt
1857,Men,Apparel,Topwear,Tshirts,Black,Summer,2011,Casual,Inkfruit Mens Life After Midnight T-shirt
1859,Men,Apparel,Topwear,Tshirts,Red,Summer,2011,Casual,Inkfruit Men Eye Opener T-shirt
1860,Men,Apparel,Topwear,Tshirts,Grey,Summer,2011,Casual,Inkfruit Mens Shiva T-shirt
1861,Men,Apparel,Topwear,Tshirts,White,Summer,2011,Casual,Inkfruit Men Graff Wars T-shirt
1862,Men,Apparel,Topwear,Tshirts,Grey,Summer,2011,Casual,Inkfruit Mens Urban Warfare T-shirt
1863,Men,Apparel,Topwear,Tshirts,Black,Summer,2011,Casual,Inkfruit Men Night Wolf T-shirt
1865,Men,Apparel,Topwear,Tshirts,White,Summer,2011,Casual,Inkfruit Men Operation Kick
1866,Men,Apparel,Topwear,Tshirts,Maroon,Summer,2011,Casual,Inkfruit Mens My Pet T-shirt
1867,Men,Apparel,Topwear,Tshirts,Blue,Summer,2011,Casual,Inkfruit Men Nayak Nahi T-shirt
1868,Men,Apparel,Topwear,Tshirts,White,Summer,2011,Casual,Inkfruit Mens Facebook Like T-shirt
1869,Men,Apparel,Topwear,Tshirts,Navy Blue,Winter,2010,Casual,FIFA Mens 1904 Navy Blue T-shirt
1870,Men,Apparel,Topwear,Tshirts,Black,Winter,2010,Casual,FIFA Mens 1990 World Cup Black T-shirt
1871,Men,Apparel,Topwear,Tshirts,White,Winter,2010,Casual,FIFA Mens 1990 World Cup White T-shirt
1872,Men,Apparel,Topwear,Tshirts,White,Winter,2010,Casual,FIFA Mens 1962 World Cup White T-shirt
1875,Men,Apparel,Topwear,Tshirts,Green,Winter,2010,Casual,FIFA Mens 1990 World Cup Edition T-shirt
1876,Men,Apparel,Topwear,Tshirts,White,Winter,2010,Casual,FIFA Mens Mexican Wave White T-shirt
1877,Men,Apparel,Topwear,Tshirts,Grey,Winter,2010,Casual,FIFA Mens Mexican Wave Grey T-shirt
1879,Men,Apparel,Topwear,Tshirts,Red,Winter,2010,Casual,FIFA Mens 1982 Spain Red T-shirt
1880,Men,Apparel,Topwear,Tshirts,Black,Winter,2010,Casual,FIFA Mens World Cup Champions Black T-shirt
1881,Men,Apparel,Topwear,Tshirts,Grey,Winter,2010,Casual,FIFA Mens France 1938 Grey T-shirt
1882,Men,Apparel,Topwear,Tshirts,Red,Winter,2010,Casual,FIFA Mens Code Collection Red T-shirt
1883,Men,Apparel,Bottomwear,Track Pants,Grey,Winter,2010,Casual,FIFA Mens Heritage Collection Grey Track Pants
1884,Men,Apparel,Bottomwear,Track Pants,Navy Blue,Winter,2010,Casual,FIFA Mens 1905 Heritage Collection Track Pants
1885,Men,Apparel,Bottomwear,Shorts,Grey,Winter,2010,Casual,FIFA Mens 1904 Heritage Shorts
1886,Men,Apparel,Topwear,Tshirts,Grey,Winter,2010,Casual,FIFA Mens Red Card Grey T-shirt
1887,Men,Apparel,Topwear,Tshirts,Green,Winter,2010,Casual,FIFA Mens Essentials Green T-shirt
1888,Men,Apparel,Topwear,Tshirts,Black,Winter,2010,Casual,FIFA Mens Essentials Black T-shirt
1889,Men,Apparel,Topwear,Tshirts,Navy Blue,Winter,2010,Casual,Fifa Men Essentials Navy Blue T-shirt
1890,Men,Apparel,Topwear,Tshirts,Red,Winter,2010,Casual,FIFA Mens Essentials Red T-shirt
1891,Men,Apparel,Topwear,Tshirts,White,Winter,2010,Casual,FIFA Mens Essentials White T-shirt
1892,Men,Apparel,Topwear,Sweatshirts,Blue,Winter,2010,Casual,FIFA Men Full Sleeves Hoody Sweatshirt
1895,Men,Apparel,Topwear,Sweatshirts,Black,Winter,2010,Casual,FIFA Men Full Sleeves Hoody Sweatshirt
1897,Men,Apparel,Topwear,Tshirts,Blue,Winter,2010,Sports,FIFA Men Germany Blue Jersey
1902,Men,Apparel,Topwear,Tshirts,Blue,Winter,2010,Sports,FIFA Men Blue Jersey
1903,Men,Apparel,Topwear,Tshirts,Yellow,Winter,2010,Sports,FIFA Men Brazil Yellow Jersey
1904,Men,Apparel,Topwear,Tshirts,Blue,Winter,2010,Sports,FIFA Men Brazil Blue & Yellow Jersey
1905,Men,Apparel,Topwear,Tshirts,Blue,Winter,2010,Casual,FIFA Mens 1904 Football Federation T-shirt
1906,Men,Apparel,Topwear,Tshirts,Cream,Winter,2010,Casual,FIFA Mens 1905 Football Federation T-shirt
1907,Men,Apparel,Topwear,Tshirts,Black,Fall,2010,Sports,Nike Mens Classic Black T-shirt
1909,Men,Apparel,Topwear,Tshirts,Blue,Fall,2010,Sports,Nike Mens Classic Sportswear T-shirt
1910,Men,Apparel,Topwear,Tshirts,Black,Fall,2010,Sports,Nike Men's Classic Patterned T-shirt
1911,Men,Apparel,Topwear,Tshirts,Blue,Fall,2010,Sports,Nike Mens Manchester United Blues T-shirt
1912,Men,Apparel,Topwear,Tshirts,White,Fall,2010,Sports,Nike Mens Running White T-shirt
1913,Men,Apparel,Topwear,Tshirts,Black,Fall,2010,Sports,Nike Mens Seize Victory Black T-shirt
1915,Unisex,Accessories,Accessories,Water Bottle,Yellow,Summer,2011,Casual,Quechua Yellow Sipper
1916,Men,Footwear,Shoes,Sports Shoes,Black,Fall,2011,Sports,Puma Men's Game Point Shoes
1917,Men,Footwear,Shoes,Casual Shoes,White,Fall,2010,Casual,Puma Men White Sneakers
1918,Unisex,Accessories,Bags,Backpacks,Blue,Fall,2010,Sports,Domyos 300 Blue Bag
1919,Men,Footwear,Shoes,Casual Shoes,Brown,Fall,2010,Casual,Puma Men's Choco Brown Casual Shoes
1920,Men,Footwear,Shoes,Casual Shoes,Black,Fall,2011,Casual,Puma Men Graffiti FX Shoes
1922,Men,Apparel,Topwear,Tshirts,Black,Fall,2010,Sports,Puma Mens Slim Fit Black Polo T-shirt
1923,Women,Footwear,Shoes,Sports Shoes,White,Fall,2010,Sports,Kalenji Women Running Shoe
1924,Men,Apparel,Topwear,Tshirts,White,Fall,2010,Sports,Puma Mens Racing White T-shirt
1925,Unisex,Accessories,Bags,Backpacks,Black,Fall,2010,Sports,Quechua Black Bag
1926,Men,Apparel,Topwear,Tshirts,Blue,Fall,2010,Casual,Puma Mens Ocean Racing Blues T-shirt
1927,Unisex,Accessories,Bags,Backpacks,Navy Blue,Summer,2011,Sports,Domyos Navy Blue Bag
1928,Men,Apparel,Topwear,Tshirts,Green,Fall,2010,Casual,Puma Mens One Love T-shirt
1929,Men,Footwear,Shoes,Sports Shoes,Black,Fall,2010,Sports,Quechua Men's Lighweight Black Shoe
1930,Unisex,Accessories,Bags,Backpacks,Red,Fall,2010,Sports,Quechua 22L Red Bag
1931,Men,Apparel,Topwear,Tshirts,Navy Blue,Fall,2010,Casual,Puma Men's Jamaica Jam Navy Blue T-shirt
1932,Women,Footwear,Shoes,Casual Shoes,Grey,Fall,2010,Casual,Quechua Women Arpenaz Flex Grey Shoe
1933,Unisex,Accessories,Bags,Backpacks,Grey,Fall,2010,Sports,Quechua Arpenaz 20L Dark Grey Bag
1934,Unisex,Accessories,Bags,Backpacks,Purple,Summer,2011,Sports,Quechua Forclaz 25L Air Purple Backpack
1935,Unisex,Accessories,Bags,Backpacks,Black,Summer,2011,Sports,Quechua 22L Blue Bag
1936,Unisex,Accessories,Bags,Backpacks,Brown,Fall,2010,Sports,Quechua Arpenaz 30L Brown Bag
1937,Women,Footwear,Shoes,Sports Shoes,Black,Fall,2010,Sports,Kalenji Women Black Pink Shoe
1938,Men,Apparel,Topwear,Tshirts,Blue,Fall,2010,Casual,Puma Men's Jamaica Jam Blues T-shirt
1939,Women,Accessories,Bags,Handbags,Blue,Summer,2011,Sports,Geonaute Women Large Outdoor Bag Bag
1941,Women,Accessories,Bags,Handbags,Brown,Summer,2011,Sports,Domyos Brown Bag
1942,Men,Apparel,Topwear,Tshirts,White,Fall,2010,Casual,Puma Mens Reggae All Night White T-shirt
1943,Unisex,Accessories,Bags,Duffel Bag,Grey,Summer,2011,Casual,Domyos Grey Duffle Duffle Bag
1944,Men,Apparel,Topwear,Tshirts,Blue,Fall,2010,Casual,Puma Mens Reggae All Night Blues T-shirt
1945,Men,Apparel,Topwear,Tshirts,Green,Fall,2010,Sports,Puma Mens Reggae All Night Green T-shirt
1946,Men,Apparel,Topwear,Tshirts,Green,Fall,2010,Casual,Puma Mens One Love Reggae Polo T-shirt
1947,Men,Apparel,Topwear,Tshirts,Blue,Fall,2010,Sports,Puma Mens Cricket Way of Life T-shirt
1948,Men,Apparel,Topwear,Tshirts,Black,Fall,2010,Casual,Puma Mens Keyboard Sidebar Black Polo T-shirt
1949,Men,Apparel,Topwear,Tshirts,White,Fall,2010,Casual,Puma Mens Keyboard Sidebar White Polo T-shirt
1950,Men,Apparel,Topwear,Tshirts,Black,Fall,2010,Casual,Puma Mens Colour Splash T-shirt
1951,Women,Footwear,Shoes,Sports Shoes,Purple,Fall,2011,Sports,Puma Women Eco Funky Shoes
1962,Men,Footwear,Shoes,Sports Shoes,White,Fall,2010,Sports,ADIDAS Men's Duramo Leather Shoe
1963,Men,Footwear,Shoes,Sports Shoes,White,Fall,2010,Sports,ADIDAS Men's Azaro White Shoe
1964,Men,Footwear,Shoes,Casual Shoes,Blue,Winter,2010,Casual,ADIDAS Men's Blue Canvas Shoe
1966,Men,Apparel,Topwear,Tshirts,Black,Summer,2011,Casual,Domyos Mens Compression Black T-shirt
1972,Men,Apparel,Topwear,Tshirts,White,Fall,2010,Sports,Kalenji Mens White T-shirt
1973,Men,Apparel,Topwear,Tshirts,Brown,Fall,2010,Casual,Quechua Mens Brown T-shirt
1976,Men,Apparel,Bottomwear,Shorts,White,Summer,2011,Casual,Tribord Mens Short Cargo Shorts
1977,Men,Apparel,Bottomwear,Shorts,Grey,Summer,2011,Casual,Tribord Mens Grey Cargo Shorts
1978,Women,Apparel,Topwear,Tops,Yellow,Fall,2010,Casual,Puma Women Yellow Sleeveless Top
1981,Women,Apparel,Bottomwear,Shorts,Green,Fall,2010,Casual,Puma Women's Island Green Shorts
1982,Women,Apparel,Bottomwear,Shorts,Purple,Fall,2010,Casual,Puma Women's Island Shorts Purple
1983,Women,Apparel,Topwear,Tshirts,Blue,Fall,2010,Casual,ADIDAS Women Graphic Blue T-shirt
1984,Women,Apparel,Topwear,Tshirts,White,Fall,2010,Sports,ADIDAS Women Graphic White T-shirt
1985,Women,Apparel,Topwear,Tshirts,Red,Fall,2010,Casual,ADIDAS Womens Classic Red T-shirt
1986,Women,Apparel,Topwear,Tshirts,Blue,Fall,2010,Sports,ADIDAS Womens Blue V Neck T-shirt
1988,Women,Apparel,Topwear,Tshirts,Red,Fall,2010,Sports,ADIDAS Womens Red Tank T-shirt
1989,Women,Apparel,Topwear,Tshirts,Black,Fall,2010,Sports,ADIDAS Womens Black Tank Fitted T-shirt
1990,Women,Apparel,Topwear,Tshirts,Green,Summer,2011,Sports,ADIDAS Women's New Striped Tank T-shirt
1991,Women,Apparel,Topwear,Tshirts,Blue,Fall,2010,Casual,ADIDAS Womens Blue Polo T-shirt
1992,Men,Apparel,Topwear,Tshirts,Yellow,Fall,2010,Sports,Puma Men's Heroes T-shirt
1993,Women,Apparel,Topwear,Tshirts,Grey,Fall,2010,Casual,Puma Women Femme Fatale T-shirt
1994,Women,Apparel,Topwear,Tshirts,Yellow,Fall,2010,Sports,Puma Women's Powergirls T-shirt
1995,Men,Apparel,Topwear,Tshirts,Red,Fall,2010,Casual,ADIDAS Mens Crew Red T-shirt
1996,Men,Apparel,Topwear,Tshirts,Grey,Fall,2010,Sports,ADIDAS Mens Crew Grey T-shirt
1997,Men,Apparel,Bottomwear,Shorts,Grey,Fall,2010,Sports,Puma Men's Grey Sports Shorts
1998,Men,Apparel,Topwear,Tshirts,Black,Fall,2010,Sports,ADIDAS Mens Fitted T-shirt
1999,Men,Apparel,Bottomwear,Track Pants,Grey,Fall,2010,Casual,Puma Men's Grey Track Pants
2001,Men,Apparel,Topwear,Tshirts,Grey,Fall,2010,Sports,ADIDAS Mens Grey Polo T-shirt
2002,Women,Apparel,Topwear,Tshirts,Yellow,Fall,2010,Sports,PUMA Women Yellow Printed T-shirt
2003,Men,Apparel,Topwear,Tshirts,Blue,Fall,2010,Casual,ADIDAS Mens Dark Blue T-shirt
2004,Men,Apparel,Topwear,Tshirts,Red,Fall,2010,Sports,ADIDAS Mens Red T-shirt
2005,Men,Apparel,Topwear,Tshirts,Black,Fall,2010,Casual,ADIDAS Mens Black T-shirt
2006,Men,Apparel,Topwear,Tshirts,White,Fall,2010,Casual,Puma Men's African Splash T-shirt
2007,Men,Apparel,Topwear,Tshirts,Black,Fall,2010,Casual,ADIDAS Mens Full Black T-shirt
2008,Men,Apparel,Topwear,Tshirts,Blue,Fall,2010,Sports,ADIDAS Mens Classic Dark Indigo T-shirt
2009,Men,Apparel,Topwear,Tshirts,White,Fall,2010,Casual,ADIDAS Mens Classic White Polo T-shirt
2010,Men,Apparel,Topwear,Tshirts,Green,Fall,2010,Sports,ADIDAS Mens Classic Green Polo T-shirt
2011,Men,Apparel,Topwear,Tshirts,Blue,Fall,2010,Casual,ADIDAS Men Classic Blue Striped T-shirt
2012,Men,Apparel,Topwear,Tshirts,White,Fall,2010,Sports,ADIDAS Mens Graphic White T-shirt
2014,Men,Apparel,Topwear,Tshirts,Yellow,Fall,2010,Sports,ADIDAS Men's Classic Yellow Polo T-shirt
2015,Men,Apparel,Topwear,Tshirts,Black,Fall,2010,Casual,ADIDAS Mens Classic Collar Black Polo T-shirt
2023,Men,Apparel,Topwear,Tshirts,Grey,Fall,2010,Sports,ADIDAS Mens Chrome Graphic T-shirt
2024,Men,Apparel,Topwear,Tshirts,Red,Fall,2010,Casual,ADIDAS Mens Fitted Red T-shirt
2025,Men,Apparel,Topwear,Tshirts,Grey,Fall,2010,Sports,ADIDAS Mens Full Grey T-shirt
2026,Men,Apparel,Topwear,Tshirts,Green,Fall,2010,Casual,ADIDAS Mens Full Deep Green T-shirt
2027,Men,Apparel,Topwear,Tshirts,Blue,Fall,2010,Sports,ADIDAS Mens Full Navy Blue T-shirt
2028,Men,Apparel,Topwear,Tshirts,Navy Blue,Fall,2010,Casual,ADIDAS Men Classic Navy Blue T-shirt
2029,Men,Apparel,Topwear,Tshirts,Blue,Fall,2010,Sports,ADIDAS Mens Stripped Polo T-shirt
2030,Men,Apparel,Topwear,Tshirts,Black,Fall,2010,Sports,ADIDAS Men's Black Knight T-shirt
2031,Men,Apparel,Topwear,Jackets,Black,Fall,2010,Sports,ADIDAS Men Collared Track Jacket
2032,Men,Apparel,Topwear,Tshirts,White,Fall,2010,Sports,ADIDAS Men's White Blood T-shirt
2033,Men,Apparel,Topwear,Tshirts,White,Fall,2010,Sports,ADIDAS Mens White T-shirt
2034,Men,Apparel,Topwear,Tshirts,Black,Fall,2010,Sports,ADIDAS Men's Black Polo T-shirt
2035,Men,Apparel,Topwear,Tshirts,Black,Fall,2010,Sports,ADIDAS Mens Round Neck Black T-shirt
2036,Men,Apparel,Topwear,Tshirts,Yellow,Fall,2010,Casual,ADIDAS Mens Light Yellow T-shirt
2037,Men,Apparel,Topwear,Tshirts,Black,Fall,2010,Sports,ADIDAS Mens Fitted Black T-shirt
2038,Men,Apparel,Topwear,Tshirts,Black,Fall,2010,Casual,ADIDAS Mens Stylish Black Polo T-shirt
2039,Men,Apparel,Topwear,Tshirts,White,Fall,2010,Sports,ADIDAS Men's White Polo T-shirt
2040,Men,Apparel,Topwear,Tshirts,White,Fall,2010,Casual,ADIDAS Mens Fire White Polo T-shirt
2041,Men,Apparel,Topwear,Tshirts,Grey,Fall,2010,Sports,ADIDAS Mens Fire Grey T-shirt
2042,Men,Apparel,Topwear,Tshirts,White,Fall,2010,Sports,ADIDAS Mens Graphic White Tee
2044,Men,Apparel,Topwear,Tshirts,White,Fall,2010,Casual,ADIDAS Mens Graphic T-shirt
2045,Men,Apparel,Topwear,Tshirts,Black,Fall,2010,Sports,ADIDAS Mens Multi Black T-shirt
2046,Men,Apparel,Topwear,Tshirts,Blue,Fall,2010,Casual,ADIDAS Mens Fitted Blue T-shirt
2047,Men,Apparel,Topwear,Tshirts,Navy Blue,Fall,2010,Sports,ADIDAS Men's Navy Blue T-shirt
2048,Men,Apparel,Topwear,Tshirts,Black,Fall,2010,Sports,ADIDAS Men's Crew Black T-shirt
2049,Men,Apparel,Topwear,Tshirts,White,Summer,2010,Sports,ADIDAS Men's Slim Fit White T-shirt
2050,Men,Apparel,Topwear,Shirts,Black,Winter,2010,Casual,Lee Men Essential Black Shirt
2051,Men,Apparel,Topwear,Tshirts,Cream,Winter,2010,Casual,Lee Men's Kansas Cream T-shirt
2052,Men,Apparel,Topwear,Tshirts,Brown,Winter,2010,Casual,Lee Men's Trademark T-shirt
2053,Men,Apparel,Topwear,Tshirts,Grey,Fall,2010,Casual,Lee Mens Winning with Lee T-shirt
2054,Men,Apparel,Topwear,Tshirts,Maroon,Winter,2010,Casual,Lee Men's Stone T-shirt
2055,Men,Apparel,Topwear,Tshirts,Grey,Winter,2010,Casual,Lee Men's Sahara Storm Rider T-shirt
2056,Men,Apparel,Topwear,Tshirts,Grey,Winter,2010,Casual,Lee Men's Ten Minutes to Midnight T-shirt
2057,Men,Apparel,Topwear,Tshirts,Orange,Winter,2010,Casual,Lee Men's Saddle Storm T-shirt
2058,Men,Apparel,Topwear,Tshirts,Pink,Winter,2010,Casual,Lee Men's Solo Storm Rider T-shirt
2059,Men,Apparel,Topwear,Tshirts,Navy Blue,Winter,2010,Casual,Lee Men's Salvadore Boot T-shirt
2060,Men,Apparel,Topwear,Tshirts,Navy Blue,Winter,2010,Casual,Lee Men's Catch the Legend T-shirt
2061,Men,Apparel,Topwear,Tshirts,Blue,Winter,2010,Casual,Lee Men's Progress Marches On T-shirt
2062,Men,Apparel,Topwear,Tshirts,Grey,Winter,2010,Casual,Lee Mens T-shirt
2065,Women,Apparel,Topwear,Tshirts,Black,Fall,2010,Sports,ADIDAS Women Polo Black Polo T-shirt
2069,Women,Apparel,Topwear,Tshirts,White,Fall,2010,Sports,ADIDAS Womens Tank White T-shirt
2078,Women,Apparel,Topwear,Tshirts,Black,Fall,2010,Sports,ADIDAS Women Fitted Black T-shirt
2089,Men,Apparel,Topwear,Tshirts,Purple,Fall,2010,Sports,Adidas Mens Pocket Polo T-shirt
2090,Men,Apparel,Topwear,Tshirts,Black,Fall,2010,Sports,ADIDAS Mens Polo Black Polo T-shirt
2091,Men,Apparel,Topwear,Tshirts,Maroon,Fall,2010,Sports,ADIDAS Mens ESS 3S Polo T-shirt
2092,Men,Apparel,Topwear,Tshirts,Blue,Fall,2010,Sports,ADIDAS Mens Polo Blue Polo T-shirt
2093,Men,Apparel,Topwear,Shirts,Blue,Winter,2010,Casual,Lee Men checks Blue Shirt
2094,Men,Apparel,Topwear,Shirts,White,Winter,2010,Casual,Lee Men Checks Green Shirt
2095,Men,Apparel,Topwear,Shirts,Blue,Winter,2010,Casual,Lee Men Light Blue Shirt
2096,Men,Apparel,Topwear,Shirts,Green,Winter,2010,Casual,Lee Men Olive Green Shirt
2097,Men,Apparel,Topwear,Shirts,Blue,Winter,2010,Casual,Lee Men Reversible Blue Shirt
2098,Men,Apparel,Topwear,Shirts,White,Winter,2010,Casual,Lee Men Derrick Checks Shirt
2099,Men,Apparel,Topwear,Shirts,White,Winter,2010,Casual,Lee Men Checks Dark Blue Shirt
2100,Men,Apparel,Topwear,Shirts,Brown,Winter,2010,Casual,Lee Men Checks Brown Shirt
2101,Men,Apparel,Topwear,Shirts,Blue,Winter,2010,Casual,Lee Men Check Mason Blue Shirt
2102,Men,Apparel,Topwear,Shirts,White,Winter,2010,Casual,Lee Men Checks Parker Blue Shirt
2103,Men,Apparel,Topwear,Shirts,White,Winter,2010,Casual,Lee Men Checks White Shirt
2104,Men,Apparel,Topwear,Shirts,Blue,Winter,2010,Casual,Lee Men Checks Red Shirt
2105,Men,Apparel,Bottomwear,Track Pants,Black,Fall,2010,Sports,ADIDAS Men's Climalite Track Pants
2106,Men,Apparel,Bottomwear,Shorts,Navy Blue,Fall,2010,Sports,ADIDAS Men's Chelsea Striped Black Shorts
2107,Men,Apparel,Bottomwear,Shorts,Navy Blue,Fall,2010,Sports,ADIDAS Men's Chelsea Striped Navy Shorts
2108,Men,Apparel,Bottomwear,Shorts,Black,Fall,2010,Sports,ADIDAS Men's Black Football Shorts
2109,Women,Apparel,Bottomwear,Track Pants,Black,Fall,2010,Sports,ADIDAS Women's Slim Fit Lycra Track Pants
2110,Women,Apparel,Bottomwear,Track Pants,Tan,Fall,2010,Sports,ADIDAS Women Very Berry Lycra Track Pants
2111,Women,Apparel,Bottomwear,Track Pants,Black,Fall,2010,Sports,ADIDAS Women's Sunset Lycra Fit Track Pants
2112,Women,Apparel,Bottomwear,Track Pants,Black,Fall,2010,Sports,ADIDAS Women's Essential Black Capris
2113,Women,Apparel,Bottomwear,Track Pants,Grey,Fall,2010,Sports,ADIDAS Women's Essential Cinder Grey Capris
2114,Women,Apparel,Bottomwear,Track Pants,Black,Fall,2010,Sports,ADIDAS Women Essential Black Candy Pants
2115,Men,Apparel,Bottomwear,Track Pants,Black,Fall,2010,Sports,ADIDAS Men's Black Crest Track Pants
2116,Men,Apparel,Bottomwear,Track Pants,Black,Fall,2010,Sports,ADIDAS Men Smooth Striped Track Pants
2117,Men,Apparel,Bottomwear,Shorts,Grey,Fall,2010,Sports,ADIDAS Men Grey Capris
2118,Men,Apparel,Bottomwear,Track Pants,Black,Fall,2010,Sports,ADIDAS Men's Foamy Striped Track Pants
2119,Women,Apparel,Topwear,Shirts,Pink,Winter,2010,Casual,Lee Women Pink Shirt
2120,Women,Apparel,Topwear,Tops,Navy Blue,Winter,2010,Casual,Lee Women Navy Blue Top
2121,Women,Apparel,Topwear,Shirts,Black,Winter,2010,Casual,Lee Women Black Shirt
2122,Women,Apparel,Topwear,Tops,Black,Winter,2010,Casual,Lee Women Black Top
2123,Women,Apparel,Topwear,Tops,Blue,Winter,2010,Casual,Lee Women Blue Top
2124,Women,Apparel,Topwear,Tshirts,Black,Winter,2010,Casual,Lee Women Black T-shirt
2125,Women,Apparel,Topwear,Shirts,White,Winter,2010,Casual,Lee Women White Shirt
2126,Men,Apparel,Topwear,Shirts,White,Spring,2011,Casual,Basics MenNavy Slim Fit Checked Shirt
2127,Men,Apparel,Topwear,Shirts,Red,Spring,2011,Casual,Basics Men Red Slim FitChecked Shirt
2128,Men,Apparel,Topwear,Shirts,White,Spring,2011,Casual,Basics Men Red & White Slim Fit Shirt
2129,Men,Apparel,Topwear,Shirts,Green,Spring,2011,Casual,Basics Men Green Slim Fit Checked Shirt
2130,Men,Apparel,Topwear,Shirts,Green,Spring,2011,Casual,Basics Men Green & White Slim Fit Shirt
2131,Men,Apparel,Topwear,Shirts,Blue,Summer,2011,Casual,Basics Men Blue Slim Fit Checked Shirt
2132,Men,Apparel,Topwear,Shirts,Brown,Spring,2011,Casual,Basics Men Brown Slim Fit Shirt
2133,Men,Apparel,Topwear,Shirts,Black,Spring,2011,Casual,Basics Men Black Slim Fit Shirt
2134,Men,Apparel,Topwear,Shirts,Purple,Spring,2011,Casual,Basics Men Purple Slim Fit Checked Shirt
2135,Men,Apparel,Topwear,Shirts,Red,Spring,2011,Casual,Basics Men Red & Blue Slim Fit Shirt
2136,Men,Apparel,Topwear,Shirts,Navy Blue,Spring,2011,Casual,Basics Men Blue & White Slim Fit Checked Shirt
2137,Men,Apparel,Topwear,Shirts,Green,Spring,2011,Casual,Basics Men White & Green Slim Fit Shirt
2138,Men,Apparel,Topwear,Shirts,Green,Spring,2011,Casual,Basics Men Green & Cream Slim Fit Shirt
2139,Men,Apparel,Topwear,Tshirts,White,Spring,2011,Casual,Basics Men White Roadies T-shirt
2140,Men,Apparel,Topwear,Tshirts,White,Spring,2011,Casual,Basics Men White T-shirt
2141,Men,Apparel,Topwear,Tshirts,Green,Spring,2011,Casual,Basics Men Green T-shirt
2142,Men,Apparel,Topwear,Tshirts,Grey,Spring,2011,Casual,Basics Men Grey Tshirt
2143,Men,Apparel,Topwear,Tshirts,Navy Blue,Spring,2011,Casual,Basics Men Blue Striped Polo T-shirt
2144,Men,Apparel,Topwear,Tshirts,Pink,Spring,2011,Casual,Basics Men Pink Striped Polo T-shirt
2145,Men,Apparel,Topwear,Tshirts,Green,Spring,2011,Casual,Basics Men Green Striped Polo T-shirt
2146,Men,Apparel,Topwear,Tshirts,Purple,Spring,2011,Casual,Basics Men Purple Striped T-shirt
2147,Men,Apparel,Topwear,Tshirts,Orange,Spring,2011,Casual,Basics Men Orange Striped Polo T-shirt
2148,Men,Apparel,Topwear,Tshirts,Green,Spring,2011,Casual,Basics Men Green & White T-shirt
2149,Men,Apparel,Topwear,Tshirts,White,Spring,2011,Casual,Basics Men Orange & White Polo T-shirt
2150,Men,Apparel,Topwear,Tshirts,White,Spring,2011,Casual,Basics Men Yellow Striped Polo T-shirt
2151,Men,Apparel,Topwear,Tshirts,White,Spring,2011,Casual,Basics Men Red & Blue Polo T-shirt
2152,Men,Apparel,Topwear,Tshirts,White,Spring,2011,Casual,Basics Men Green & Blue Polo T-shirt
2153,Men,Apparel,Topwear,Tshirts,Navy Blue,Spring,2011,Casual,Basics Men Blue & Yellow Polo T-shirt
2154,Men,Apparel,Topwear,Tshirts,White,Spring,2011,Casual,Basics Men Red & Grey Polo T-shirt
2155,Men,Apparel,Topwear,Tshirts,Green,Spring,2011,Casual,Basics Men Green & Black Polo T-shirt
2156,Men,Apparel,Topwear,Tshirts,Navy Blue,Spring,2011,Casual,Basics Men Navy Polo T-shirt
2157,Men,Apparel,Topwear,Tshirts,Yellow,Spring,2011,Casual,Basics Men Yellow Polo T-shirt
2158,Men,Apparel,Topwear,Tshirts,Red,Spring,2011,Casual,Basics Men Red Polo T-shirt
2159,Men,Apparel,Topwear,Tshirts,Green,Spring,2011,Casual,Basics Men Green Polo T-shirt
2160,Men,Apparel,Topwear,Tshirts,Red,Spring,2011,Casual,Basics Men Red T-shirt
2161,Men,Apparel,Topwear,Tshirts,Blue,Spring,2011,Casual,Basics Men Turquoise T-shirt
2162,Men,Apparel,Topwear,Shirts,Blue,Spring,2011,Casual,Probase Men Blue Slim Fit Solid Casual Shirt
2163,Men,Apparel,Topwear,Shirts,Red,Summer,2011,Casual,Probase Men Stripe Red Shirt
2164,Men,Apparel,Topwear,Shirts,Purple,Spring,2011,Casual,Probase Men Stripe Purple Shirt
2165,Men,Apparel,Topwear,Shirts,Blue,Summer,2011,Casual,Probase Men Check Blue Shirt
2166,Men,Apparel,Topwear,Shirts,Blue,Summer,2011,Casual,Probase Men Check Orange Shirt
2167,Men,Apparel,Topwear,Shirts,Blue,Summer,2011,Casual,Probase Men Blue & White Shirt
2168,Men,Apparel,Topwear,Shirts,Blue,Summer,2011,Casual,Probase Men Check Brown Shirt
2169,Men,Apparel,Topwear,Shirts,Red,Summer,2011,Casual,Probase Men Red & Blue Shirt
2170,Men,Apparel,Topwear,Shirts,White,Summer,2011,Casual,Probase Mens Shirts
2171,Men,Apparel,Topwear,Tshirts,Brown,Summer,2011,Casual,Probase Men Brown & White T-shirt
2172,Men,Apparel,Topwear,Tshirts,Navy Blue,Summer,2011,Casual,Probase Men Stripe Navy Blue T-shirt
2176,Men,Apparel,Topwear,Tshirts,Blue,Spring,2011,Casual,Probase Men Blue & Green T-shirt
2177,Men,Apparel,Topwear,Tshirts,Blue,Summer,2011,Casual,Probase Men Purple & Blue T-shirt
2179,Men,Apparel,Topwear,Tshirts,Grey,Spring,2011,Casual,Probase Men Stripe Grey T-shirt
2180,Men,Apparel,Topwear,Tshirts,Orange,Summer,2011,Casual,Probase Mens Probase Orange Stripe Polo tee T-shirt
2181,Men,Apparel,Topwear,Tshirts,Blue,Summer,2011,Casual,Probase Men Aqua T-shirt
2182,Men,Apparel,Topwear,Tshirts,Yellow,Summer,2011,Casual,Probase Men Yellow T-shirt
2183,Men,Apparel,Topwear,Tshirts,Grey,Spring,2011,Casual,Probase Men Grey T-shirt
2184,Men,Apparel,Topwear,Tshirts,Blue,Summer,2011,Casual,Probase Men Navy Blue T-shirt
2185,Men,Apparel,Topwear,Tshirts,Yellow,Spring,2011,Casual,Probase Mens Shut Up Yellow Tee T-shirt
2187,Men,Apparel,Bottomwear,Shorts,Navy Blue,Fall,2010,Sports,ADIDAS Men Stripe Navy Short
2188,Women,Apparel,Apparel Set,Swimwear,Black,Summer,2016,Sports,ADIDAS Women Stripe Black Swimming Cap
2189,Men,Apparel,Topwear,Tshirts,Grey,Fall,2010,Sports,ADIDAS Men Grey Logo T-shirt
2190,Men,Apparel,Bottomwear,Track Pants,Grey,Fall,2010,Sports,ADIDAS Men Lead Light Track Pant
2191,Men,Apparel,Bottomwear,Shorts,Blue,Fall,2010,Sports,ADIDAS Men Chelsea Lead Short
2192,Men,Apparel,Bottomwear,Shorts,White,Fall,2010,Sports,ADIDAS Men White Short
2193,Men,Apparel,Bottomwear,Shorts,Navy Blue,Fall,2010,Sports,ADIDAS Men Navy Short
2194,Men,Apparel,Topwear,Tshirts,Black,Fall,2010,Sports,Adidas Men Stripe Polo Shirt
2195,Women,Apparel,Bottomwear,Capris,Black,Fall,2010,Sports,ADIDAS Women Black Capris
2196,Men,Footwear,Shoes,Sports Shoes,White,Fall,2010,Sports,ADIDAS Men's White Comfort Shoe
2197,Men,Footwear,Shoes,Sports Shoes,White,Fall,2010,Sports,ADIDAS Men's Stripe White Run Shoe
2198,Men,Footwear,Shoes,Sports Shoes,White,Fall,2010,Sports,ADIDAS Men's Sports Shoe
2199,Women,Footwear,Shoes,Casual Shoes,Blue,Fall,2010,Casual,ADIDAS Women Streaks Blue Shoe
2200,Men,Apparel,Topwear,Tshirts,Red,Fall,2010,Sports,Adidas Men Red Polo T-shirt
2201,Men,Apparel,Topwear,Tshirts,Black,Fall,2010,Sports,Adidas Men Black Polo T-shirt
2202,Men,Apparel,Topwear,Tshirts,White,Fall,2010,Sports,Adidas Men White Polo T-shirt
2203,Men,Apparel,Topwear,Tshirts,Blue,Fall,2010,Sports,Adidas Men Blue Polo T-shirt
2204,Men,Apparel,Topwear,Tshirts,Black,Fall,2010,Sports,ADIDAS Men Black Polo T-shirt
2205,Men,Apparel,Topwear,Tshirts,White,Fall,2010,Sports,ADIDAS Men Stripe White T-shirt
2206,Men,Apparel,Topwear,Tshirts,Grey,Fall,2010,Sports,ADIDAS Men Stripe Grey T-shirt
2207,Men,Apparel,Topwear,Tshirts,Blue,Fall,2010,Sports,ADIDAS Men Stripe Blue T-shirt
2208,Men,Footwear,Flip Flops,Flip Flops,Black,Fall,2011,Casual,Puma Mens Drifter Black Flip Flop
2209,Men,Apparel,Topwear,Tshirts,White,Fall,2010,Sports,Adidas Men 3 Stripe White Polo T-shirt
2210,Men,Apparel,Topwear,Tshirts,Black,Fall,2010,Sports,ADIDAS Men 3 Stripe Black Polo T-shirt
2211,Men,Footwear,Sandal,Sandals,Navy Blue,Fall,2010,Casual,Puma Men Trek Navy Blue Floater
2212,Men,Apparel,Topwear,Tshirts,Green,Fall,2010,Casual,Adidas Men 3 Stripe Green Polo T-shirt
2213,Men,Footwear,Sandal,Sandals,Brown,Fall,2010,Casual,Puma Men Brown Sandal
2214,Women,Accessories,Socks,Socks,Black,Fall,2010,Sports,ADIDAS Women Black Socks
2215,Men,Footwear,Sandal,Sandals,Olive,Fall,2010,Sports,Puma Men Gypsy Olive Sandals
2216,Women,Accessories,Socks,Socks,Beige,Fall,2010,Sports,ADIDAS Women Beige Socks
2217,Women,Accessories,Socks,Socks,Pink,Fall,2010,Sports,ADIDAS Women Pink Socks
2218,Men,Footwear,Sandal,Sandals,Black,Fall,2010,Casual,Puma Men F1 Black Sandal
2219,Men,Footwear,Shoes,Casual Shoes,Black,Fall,2010,Casual,ADIDAS Men's Black Shoe
2220,Men,Footwear,Sandal,Sandals,Black,Fall,2010,Sports,Puma Men Carbon Black Sandal
2221,Unisex,Accessories,Bags,Backpacks,Blue,Summer,2011,Sports,ADIDAS Classic Blue White Backpack
2222,Men,Footwear,Sandal,Sandals,Black,Fall,2010,Casual,Puma Men Black Sandal
2223,Women,Apparel,Bottomwear,Track Pants,Black,Fall,2010,Sports,ADIDAS Women Stripe Black Track Pant
2224,Men,Footwear,Sandal,Sandals,Green,Fall,2010,Casual,Puma Men's Trek Olive Green Sandal
2225,Men,Footwear,Sandal,Sandals,Black,Fall,2010,Sports,Puma Men Trek Black Sandal
2226,Women,Apparel,Bottomwear,Track Pants,Black,Fall,2010,Sports,ADIDAS Women Black Tracksuit
2227,Men,Footwear,Sandal,Sandals,Grey,Fall,2010,Sports,Puma Men Gypsy Grey Sandal
2228,Men,Accessories,Socks,Socks,Black,Fall,2010,Sports,ADIDAS Men Black Socks
2229,Men,Apparel,Topwear,Tshirts,White,Fall,2010,Sports,ADIDAS Men Sunset White Polo T-shirt
2230,Men,Footwear,Sandal,Sandals,Black,Fall,2010,Casual,Puma Men Cruise Black Sandal
2231,Men,Footwear,Sandal,Sandals,Grey,Fall,2010,Sports,Puma Men Grey Sandal
2232,Men,Apparel,Topwear,Tshirts,White,Fall,2010,Casual,ADIDAS Men Stripe Red White Polo T-shirt
2233,Men,Footwear,Sandal,Sandals,Black,Fall,2010,Casual,Puma Men Carbon Sandal
2234,Men,Apparel,Topwear,Tshirts,Black,Fall,2010,Casual,ADIDAS Men Stripe Black T-shirt
2235,Men,Footwear,Sandal,Sandals,Black,Fall,2010,Sports,Puma Men Gypsy Black Sandal
2237,Men,Apparel,Topwear,Tshirts,Purple,Fall,2010,Sports,ADIDAS Men Stripe Purple T-shirt
2238,Men,Footwear,Flip Flops,Flip Flops,Black,Fall,2010,Casual,Puma Men's Winglet Grey Navy Flip Flop
2239,Men,Apparel,Topwear,Tshirts,Purple,Fall,2010,Sports,ADIDAS Men 3 Stripe Purple T-shirt
2240,Men,Apparel,Topwear,Tshirts,Blue,Fall,2010,Casual,ADIDAS Men Crew Blue T-shirt
2241,Men,Apparel,Topwear,Tshirts,Green,Fall,2010,Sports,ADIDAS Men Green T-shirt
2242,Men,Apparel,Topwear,Tshirts,Blue,Fall,2010,Casual,ADIDAS Men Crew Neck Blue T-shirt
2243,Men,Apparel,Topwear,Tshirts,White,Fall,2010,Sports,ADIDAS Men Stripe Polo White Polo T-shirt
2244,Women,Apparel,Topwear,Tshirts,Black,Fall,2010,Casual,ADIDAS Women's Black T-shirt
2245,Women,Apparel,Topwear,Tshirts,White,Fall,2010,Sports,ADIDAS Women White Polo T-shirt
2246,Unisex,Accessories,Bags,Backpacks,Black,Summer,2011,Sports,ADIDAS Black Backpack
2247,Women,Apparel,Apparel Set,Swimwear,Purple,Winter,2010,Sports,ADIDAS Women Swimming Purple Cap
2248,Men,Footwear,Flip Flops,Flip Flops,Black,Fall,2011,Sports,Puma Men's Drifter Black Green Flip Flops
2249,Unisex,Accessories,Bags,Backpacks,Blue,Summer,2011,Sports,ADIDAS Unisex Classic Blue Backpack
2250,Men,Footwear,Flip Flops,Flip Flops,Red,Fall,2010,Casual,Puma Mens Winglet Red Flip Flop
2251,Men,Footwear,Flip Flops,Flip Flops,Brown,Fall,2010,Casual,Puma Mens Winglet Brown Flip Flop
2252,Men,Apparel,Topwear,Tshirts,Black,Fall,2010,Casual,ADIDAS Men Crew Black T-shirt
2253,Men,Apparel,Topwear,Tshirts,Yellow,Fall,2010,Sports,ADIDAS Men Crew Yellow T-shirt
2254,Women,Apparel,Topwear,Tshirts,Purple,Fall,2010,Casual,ADIDAS Women Purple Top
2255,Men,Apparel,Bottomwear,Track Pants,Brown,Fall,2010,Sports,ADIDAS Men Brown Track Pant
2256,Men,Apparel,Topwear,Tshirts,Blue,Fall,2010,Casual,ADIDAS Mens 3 Striped Navy Blue Polo T-shirt
2257,Men,Apparel,Topwear,Tshirts,White,Fall,2010,Sports,ADIDAS Men White & Black Polo T-shirt
2259,Men,Apparel,Topwear,Tshirts,Blue,Fall,2010,Sports,ADIDAS Mens Graffiti Crew Neck Blue T-shirt
2260,Men,Apparel,Topwear,Tshirts,Black,Fall,2010,Casual,Nike Mens Blue Polo T-shirt
2261,Unisex,Accessories,Bags,Backpacks,Grey,Fall,2010,Casual,Nike Unisex Grey & Black Backpack
2262,Unisex,Accessories,Bags,Backpacks,Pink,Fall,2010,Sports,Nike Unisex Tetron Pink Backpack
2263,Unisex,Accessories,Bags,Backpacks,Black,Fall,2010,Sports,Nike Black Backpack
2264,Unisex,Accessories,Bags,Backpacks,Black,Fall,2010,Sports,Nike Soleday Black Backpack
2265,Women,Apparel,Topwear,Tshirts,Orange,Fall,2010,Sports,Nike Womens NIKE MILER SS TOP T-shirt
2266,Women,Apparel,Topwear,Tshirts,Green,Fall,2010,Sports,Nike Green Women T-shirt
2267,Women,Apparel,Topwear,Tshirts,Pink,Fall,2010,Sports,Nike Pink Women T-shirt
2268,Women,Apparel,Topwear,Sweatshirts,Grey,Fall,2010,Sports,Nike Grey Women Sweatshirt
2269,Women,Apparel,Topwear,Tshirts,Green,Fall,2010,Sports,Nike Light Green Women T-shirt
2270,Women,Apparel,Topwear,Tshirts,Pink,Fall,2010,Casual,Nike JDI Pink Women T-shirt
2271,Men,Apparel,Topwear,Tshirts,Red,Fall,2010,Sports,Nike Mens Red Polo T-shirt
2272,Men,Apparel,Topwear,Tshirts,Blue,Fall,2010,Sports,Nike Mens Blue Polo T-shirt
2273,Men,Apparel,Topwear,Tshirts,Red,Summer,2011,Sports,Nike Mens Red Polo T-shirt
2274,Men,Apparel,Topwear,Tshirts,White,Fall,2010,Sports,Nike Mens AS White T-shirt
2275,Men,Apparel,Topwear,Tshirts,White,Fall,2010,Sports,Nike Mens Challenger Graphic White T-shirt
2276,Men,Apparel,Topwear,Tshirts,Blue,Fall,2010,Sports,Nike Mens Challenger Graphic Blue T-shirt
2278,Men,Apparel,Topwear,Tshirts,White,Fall,2010,Sports,Nike Mens Sphere White T-shirt
2279,Men,Apparel,Topwear,Tshirts,Red,Fall,2010,Sports,Nike Mens Nike Sphere Red T-shirt
2280,Women,Apparel,Topwear,Tshirts,Pink,Fall,2010,Sports,Nike Womens Sphere Pink T-shirt
2282,Men,Apparel,Topwear,Tshirts,Grey,Fall,2010,Sports,Nike Men Grey T-shirt
2283,Men,Apparel,Topwear,Tshirts,Black,Spring,2014,Sports,Nike Men Poly Black T-shirt
2284,Men,Apparel,Topwear,Tshirts,Yellow,Fall,2010,Sports,Nike Men Yellow T-shirt
2285,Men,Apparel,Topwear,Tshirts,Purple,Fall,2010,Sports,Nike Men Lavender T-shirt
2286,Men,Apparel,Topwear,Sweatshirts,Black,Fall,2010,Sports,Nike Men Black Sweatshirt
2287,Men,Apparel,Topwear,Tshirts,White,Summer,2011,Casual,Nike Men White T-shirt
2288,Women,Apparel,Topwear,Tshirts,Black,Fall,2010,Sports,Nike Women Black T-shirt
2289,Women,Apparel,Topwear,Tshirts,Blue,Fall,2010,Sports,Nike Women Blue T-shirt
2290,Women,Apparel,Topwear,Tshirts,Pink,Fall,2010,Sports,Nike Women SS Pink T-shirt
2291,Men,Apparel,Topwear,Tshirts,White,Fall,2010,Sports,Nike Men White Polo T-shirt
2292,Women,Apparel,Topwear,Tshirts,Black,Fall,2010,Sports,Nike Women Accuracy Black T-shirt
2293,Women,Apparel,Topwear,Tshirts,Pink,Fall,2010,Casual,Nike Women Accuracy Pink T-shirt
2294,Women,Apparel,Topwear,Tops,White,Fall,2010,Sports,Nike Women's Miller Top
2295,Women,Apparel,Topwear,Tshirts,Pink,Fall,2010,Sports,Nike Women Cruiser Pink T-shirt
2296,Women,Apparel,Topwear,Tshirts,Black,Fall,2010,Sports,Nike Women DPT Black T-shirt
2297,Women,Apparel,Topwear,Tshirts,Pink,Fall,2010,Sports,Nike Women DPT Pink T-shirt
2298,Men,Apparel,Topwear,Tshirts,Red,Fall,2010,Sports,Nike Mens Core Cotton Red T-shirt
2299,Women,Apparel,Topwear,Tshirts,Purple,Fall,2010,Sports,Nike Women Purple Polo T-shirt
2300,Women,Apparel,Topwear,Tshirts,Pink,Fall,2010,Sports,Nike Women Pink Polo T-shirt
2301,Men,Apparel,Topwear,Tshirts,White,Fall,2010,Sports,Nike Mens Manchester United White T-shirt
2302,Women,Apparel,Topwear,Tshirts,White,Fall,2010,Sports,Nike Women Icon SS White T-shirt
2303,Women,Apparel,Topwear,Tshirts,Pink,Fall,2010,Sports,Nike Women Icon SS Pink T-shirt
2304,Men,Apparel,Topwear,Tshirts,Red,Summer,2011,Sports,Nike Men's Manchester United Red T-shirt
2305,Women,Apparel,Topwear,Tshirts,Blue,Fall,2010,Sports,Nike Women Blue Polo T-shirt
2306,Women,Apparel,Bottomwear,Capris,Black,Fall,2010,Sports,Nike Women Cuffed Black Capris
2307,Women,Apparel,Topwear,Tshirts,Purple,Fall,2010,Sports,Nike Women Purple Polo T-shirt
2309,Women,Apparel,Topwear,Tshirts,Blue,Fall,2010,Sports,Nike Women Miller Blue T-shirt
2310,Men,Apparel,Topwear,Tshirts,Red,Fall,2010,Sports,Nike Mens Raffel Red T-shirt
2311,Women,Apparel,Topwear,Tshirts,Pink,Fall,2010,Sports,Nike Womens Pink T-shirt
2312,Men,Apparel,Topwear,Tshirts,White,Fall,2010,Sports,Nike Mens White Polo T-shirt
2313,Women,Apparel,Topwear,Tshirts,White,Fall,2010,Sports,Nike Womens Green Polo T-shirt
2314,Men,Apparel,Topwear,Tshirts,Black,Fall,2010,Sports,Nike Mens JDI Black T-shirt
2315,Women,Apparel,Topwear,Tshirts,Pink,Fall,2010,Sports,Nike Womens Cruiser Pink T-shirt
2316,Men,Apparel,Topwear,Tshirts,Green,Fall,2010,Sports,Nike Mens Athletic Green T-shirt
2317,Men,Apparel,Topwear,Tshirts,White,Fall,2010,Casual,Reebok Men Tri Color White T-shirt
2318,Men,Apparel,Topwear,Tshirts,Black,Summer,2011,Sports,Nike Men's Athletic Navy Blue T-shirt
2319,Men,Apparel,Topwear,Tshirts,Orange,Fall,2010,Sports,Reebok Men Shiamak Orange T-shirt
2320,Men,Apparel,Topwear,Tshirts,Black,Summer,2011,Sports,Nike Men's Quoted Black T-shirt
2321,Men,Apparel,Topwear,Tshirts,White,Fall,2010,Casual,Reebok Men Dragon Yao White T-shirt
2322,Women,Apparel,Topwear,Tshirts,White,Fall,2010,Sports,Nike Womens Luck White T-shirt
2323,Men,Apparel,Topwear,Tshirts,White,Fall,2009,Casual,Reebok Men Club Stripe White Polo T-shirt
2324,Men,Apparel,Topwear,Tshirts,Black,Fall,2010,Casual,Reebok Men Sleeveless Black T-shirt
2325,Men,Apparel,Topwear,Tshirts,Black,Fall,2010,Casual,Reebok Men's Star Black Polo T-shirt
2326,Men,Apparel,Topwear,Tshirts,White,Fall,2010,Casual,Reebok Men Excellence White T-shirt
2327,Men,Apparel,Topwear,Tshirts,White,Fall,2009,Casual,Reebok Men Football Fanatic White T-shirt
2328,Men,Apparel,Topwear,Tshirts,White,Fall,2010,Casual,Reebok Men Graphic White T-shirt
2329,Men,Apparel,Topwear,Tshirts,Grey,Fall,2010,Casual,Reebok Men Force India Grey T-shirt
2330,Men,Apparel,Topwear,Tshirts,Black,Fall,2010,Casual,Reebok Men Run Black T-shirt
2331,Men,Apparel,Topwear,Tshirts,Grey,Fall,2010,Casual,Reebok Men Heather Grey T-shirt
2332,Men,Apparel,Topwear,Tshirts,White,Fall,2010,Casual,Reebok Men Stripe White Polo T-shirt
2333,Men,Apparel,Topwear,Tshirts,Blue,Fall,2010,Casual,Reebok Men Laser Blue T-shirt
2334,Men,Apparel,Topwear,Tshirts,Black,Fall,2010,Sports,Reebok Men Shiamak Dance Black T-shirt
2335,Men,Apparel,Topwear,Tshirts,Blue,Fall,2010,Casual,Reebok Men Blue Polo T-shirt
2336,Men,Apparel,Topwear,Tshirts,Grey,Fall,2010,Casual,Reebok Men Dragon Grey T-shirt
2337,Men,Apparel,Topwear,Tshirts,Grey,Fall,2010,Casual,Reebok Men Sublime Grey T-shirt
2338,Men,Apparel,Topwear,Tshirts,White,Fall,2012,Casual,Reebok Men Star White Polo T-shirt
2339,Men,Apparel,Topwear,Tshirts,White,Fall,2010,Casual,Reebok Men White T-shirt
2340,Men,Apparel,Topwear,Tshirts,Purple,Fall,2010,Casual,Reebok Men Plum Shiamak Purple T-shirt
2341,Men,Apparel,Topwear,Tshirts,Black,Fall,2010,Casual,Reebok Men Graffiti Black T-shirt
2342,Men,Apparel,Topwear,Tshirts,Green,Fall,2010,Casual,Reebok Men Basil Green & White Polo T-shirt
2343,Men,Apparel,Topwear,Tshirts,Green,Fall,2010,Casual,Reebok Men Basil Green & Blue Polo T-shirt
2344,Men,Apparel,Topwear,Tshirts,Black,Fall,2010,Casual,Reebok Men Club Stripe Black Polo T-shirt
2345,Men,Apparel,Topwear,Tshirts,Yellow,Fall,2010,Casual,Reebok Men Graphic Yellow T-shirt
2346,Men,Apparel,Topwear,Tshirts,Blue,Fall,2010,Casual,Reebok Men Electric Blue Polo T-shirt
2347,Men,Apparel,Topwear,Tshirts,White,Fall,2010,Casual,Reebok Men White Contrasts T-shirt
2348,Men,Apparel,Topwear,Tshirts,Blue,Fall,2010,Casual,Reebok Men Basketball Blue T-shirt
2349,Men,Apparel,Topwear,Tshirts,Red,Fall,2010,Casual,Reebok Men Truth or Dare Red T-shirt
2350,Men,Apparel,Topwear,Tshirts,White,Fall,2010,Casual,Reebok Men Audi White T-shirt
2351,Men,Footwear,Shoes,Sports Shoes,White,Fall,2010,Sports,Reebok Men's Stripe Silver Shoe
2353,Men,Footwear,Shoes,Sports Shoes,Grey,Summer,2010,Sports,Reebok Men Frisky Attraction Grey Shoe
2354,Unisex,Sporting Goods,Sports Equipment,Basketballs,Black,Winter,2010,Sports,ADIDAS Black Bounce Unisex Basketball
2355,Unisex,Sporting Goods,Sports Equipment,Footballs,White,Fall,2010,Sports,ADIDAS Red Bull Trophy Soccer Unisex Football
2356,Unisex,Sporting Goods,Sports Equipment,Basketballs,Black,Winter,2010,Sports,ADIDAS Black & White Unisex Basketball
2357,Men,Accessories,Accessories,Water Bottle,White,Fall,2010,Sports,ADIDAS White Water Sipper
2358,Men,Accessories,Headwear,Caps,Red,Winter,2010,Sports,ADIDAS Red Men Cap
2359,Men,Accessories,Headwear,Caps,Navy Blue,Winter,2010,Sports,ADIDAS Navy Blue Men Cap
2360,Unisex,Accessories,Headwear,Caps,White,Summer,2011,Sports,ADIDAS White Cap
2361,Men,Accessories,Headwear,Caps,Black,Summer,2011,Sports,ADIDAS Black Men Cap
2362,Unisex,Accessories,Headwear,Caps,Black,Summer,2011,Sports,ADIDAS Black Cap
2363,Unisex,Accessories,Bags,Backpacks,Black,Summer,2011,Sports,ADIDAS Black Backpack
2364,Unisex,Accessories,Headwear,Caps,Blue,Fall,2010,Sports,ADIDAS Blue Cap
2365,Women,Accessories,Bags,Handbags,Pink,Spring,2011,Sports,ADIDAS Pink Women Bag
2366,Girls,Accessories,Bags,Backpacks,Black,Winter,2010,Sports,ADIDAS Black Girls Backpack
2367,Men,Footwear,Shoes,Formal Shoes,Brown,Winter,2018,Formal,Red Tape Men's Brown Semi Formal Shoe
2368,Men,Footwear,Shoes,Casual Shoes,Brown,Winter,2018,Casual,Red Tape Brown Casual Men's Shoe
2369,Men,Footwear,Shoes,Casual Shoes,Brown,Winter,2018,Casual,Red Tape Casual Brown Men's Shoe
2370,Men,Footwear,Shoes,Formal Shoes,Black,Winter,2018,Formal,Red Tape Men's Semi Black Formal Shoe
2371,Men,Footwear,Shoes,Casual Shoes,Brown,Winter,2018,Casual,Red Tape Semi Casual Brown Shoe
2372,Men,Footwear,Shoes,Formal Shoes,Black,Winter,2018,Formal,Red Tape Formal Black Men's Shoe
2373,Men,Footwear,Shoes,Formal Shoes,Brown,Winter,2018,Formal,Red Tape Brown Formal Men's Shoe
2374,Men,Footwear,Shoes,Casual Shoes,Brown,Winter,2018,Casual,Red Tape Semi Casual Men's Shoe
2375,Men,Footwear,Shoes,Formal Shoes,Black,Winter,2018,Formal,Red Tape Men's Black Semi Formal Shoe
2376,Men,Footwear,Shoes,Casual Shoes,Brown,Winter,2018,Casual,Red Tape Semi Casual Brown Men's Shoe
2377,Men,Footwear,Shoes,Formal Shoes,Black,Winter,2018,Formal,Red Tape Black Men's Shoe
2378,Men,Footwear,Shoes,Formal Shoes,Black,Winter,2018,Formal,Red Tape Men's Brown Shoe
2379,Men,Footwear,Shoes,Formal Shoes,Black,Winter,2018,Formal,Red Tape Men's Black Formal Shoe
2380,Men,Footwear,Shoes,Casual Shoes,Black,Winter,2018,Casual,Red Tape Black Men Semi Casual Shoe
2381,Men,Footwear,Shoes,Formal Shoes,Brown,Winter,2018,Formal,Red Tape Men's Brown Formal Shoe
2382,Men,Footwear,Shoes,Formal Shoes,Black,Winter,2018,Formal,Red Tape Black Men Formal Shoe
2383,Men,Footwear,Shoes,Casual Shoes,Black,Winter,2018,Casual,Red Tape Casual Semi Men's Shoe
2384,Men,Footwear,Shoes,Formal Shoes,Black,Winter,2018,Formal,Red Tape Men Semi Black Formal Shoes
2385,Men,Footwear,Shoes,Casual Shoes,Brown,Winter,2018,Casual,Red Tape Semi Casual Men's Brown Shoe
2387,Men,Footwear,Shoes,Casual Shoes,Black,Winter,2018,Casual,Red Tape Men Casual Black Shoe
2388,Men,Footwear,Shoes,Casual Shoes,Brown,Winter,2018,Casual,Red Tape Men Brown Casual Shoe
2389,Men,Footwear,Shoes,Casual Shoes,White,Winter,2018,Casual,Red Tape Men Casual White Shoe
2390,Men,Footwear,Shoes,Casual Shoes,Black,Winter,2018,Casual,Red Tape Men's Semi Black Casual Shoe
2391,Men,Footwear,Shoes,Formal Shoes,Black,Winter,2018,Formal,Red Tape Men Formal Black Shoe
2393,Men,Footwear,Shoes,Casual Shoes,Black,Winter,2018,Casual,Red Tape Men's Semi Casual Shoe
2394,Men,Footwear,Shoes,Casual Shoes,Black,Winter,2018,Casual,Red Tape Men's Casual Black Shoe
2396,Men,Footwear,Shoes,Casual Shoes,Black,Winter,2018,Casual,Red Tape Black Men Casual Shoe
2397,Men,Footwear,Shoes,Casual Shoes,Brown,Winter,2018,Casual,Red Tape Men's Brown Casual Shoe
2398,Men,Footwear,Shoes,Casual Shoes,Black,Winter,2018,Casual,Red Tape Men's Semi Black Casual Shoe
2399,Men,Footwear,Shoes,Casual Shoes,Black,Winter,2018,Casual,Red Tape Black Men's Semi Casual Shoe
2400,Men,Apparel,Topwear,Tshirts,Navy Blue,Fall,2010,Sports,Puma Navy Blue Men's T-shirt
2401,Men,Apparel,Topwear,Tshirts,White,Fall,2010,Sports,Puma White Men's T-shirt
2402,Men,Apparel,Topwear,Tshirts,Black,Fall,2010,Sports,Puma Black Men Sailing Jersey
2403,Men,Apparel,Topwear,Tshirts,Blue,Fall,2010,Sports,Puma Men's Mood Indigo T-shirt
2467,Men,Accessories,Headwear,Caps,White,Summer,2012,Casual,Nike Men White Cap
2474,Men,Footwear,Shoes,Sports Shoes,Black,Fall,2010,Sports,Nike Men's Dual Fusion Black Shoe
2477,Men,Footwear,Shoes,Sports Shoes,Blue,Fall,2010,Sports,Nike Men's LunarFly Blue Shoe
2478,Men,Apparel,Topwear,Tshirts,Green,Fall,2010,Casual,Puma Men's Island Green T-shirt
2479,Men,Apparel,Topwear,Tshirts,Grey,Fall,2010,Casual,Puma Men's Foundation Grey Polo T-shirt
2480,Men,Apparel,Topwear,Tshirts,Navy Blue,Fall,2010,Casual,Puma Men's Foundation Navy Blue Polo T-shirt
2481,Men,Apparel,Topwear,Tshirts,Black,Fall,2010,Casual,Puma Men's Foundation limea Black Polo T-shirt
2482,Women,Apparel,Topwear,Tops,Black,Fall,2011,Casual,Puma Women Black Spagetti Top
2483,Women,Apparel,Topwear,Tops,Purple,Fall,2011,Casual,Puma Women Spagetti Dahlia Purple Top
2484,Women,Apparel,Topwear,Tshirts,White,Fall,2010,Sports,Puma Women Spagetti White Top
2485,Women,Apparel,Topwear,Tshirts,Purple,Fall,2010,Sports,Puma Women Purple Blouson Top
2486,Women,Apparel,Topwear,Tops,Green,Fall,2011,Casual,Puma Women Island Green Top
2487,Men,Footwear,Sandal,Sandals,Black,Fall,2010,Casual,Puma Men Rio Fashion Black Sandal
2488,Men,Footwear,Sandal,Sports Sandals,Black,Fall,2010,Casual,Puma Men Diva Fashion Black Sandal
2489,Women,Footwear,Shoes,Sports Shoes,White,Fall,2011,Sports,Puma Women Commander White Pink Shoe
2490,Women,Footwear,Shoes,Casual Shoes,White,Summer,2011,Casual,Puma Women Commander White Blue Shoe
2491,Men,Apparel,Topwear,Tshirts,Blue,Fall,2010,Sports,Puma Men's Sleevless-Hawaian Blue T-shirt
2492,Men,Apparel,Topwear,Tshirts,Yellow,Fall,2010,Casual,Puma Men's Limeade Yellow T-shirt
2493,Men,Apparel,Topwear,Tshirts,White,Fall,2010,Casual,Puma Men's White Polo T-shirt
2494,Men,Footwear,Flip Flops,Flip Flops,White,Fall,2010,Casual,Numero Uno Men's Casual White Flip Flop
2495,Men,Footwear,Shoes,Casual Shoes,Black,Fall,2010,Casual,Numero Uno Men's Casual White Black Stripe Shoe
2496,Men,Footwear,Shoes,Casual Shoes,Black,Fall,2010,Casual,Numero Uno Men's Casual White Black Leatherette Shoe
2497,Men,Footwear,Shoes,Casual Shoes,Black,Fall,2010,Casual,Numero Uno Men's Casual Black Shoes
2498,Men,Footwear,Shoes,Casual Shoes,Black,Fall,2010,Casual,Numero Uno Men's Casual Black Canvas Shoe
2499,Men,Footwear,Shoes,Casual Shoes,Grey,Fall,2010,Casual,Numero Uno Men's Casual Grey Canvas Shoe
2500,Men,Footwear,Shoes,Casual Shoes,Navy Blue,Fall,2010,Casual,Numero Uno Men's Casual Navy Blue Canvas Shoe
2501,Men,Footwear,Shoes,Casual Shoes,Red,Fall,2010,Casual,Numero Uno Men's Casual Red Canvas Shoe
2502,Men,Footwear,Shoes,Casual Shoes,Black,Fall,2010,Casual,Numero Uno Men's Casual Canvas Black Shoe
2503,Men,Footwear,Shoes,Casual Shoes,Brown,Fall,2012,Casual,Numero Uno Men's Casual Brown Canvas Shoe
2504,Men,Footwear,Shoes,Casual Shoes,White,Fall,2010,Casual,Numero Uno Men's Casual White Canvas Shoe
2505,Men,Footwear,Shoes,Casual Shoes,Black,Fall,2010,Casual,Numero Uno Men's Casual Black Shoe
2506,Men,Footwear,Shoes,Casual Shoes,Brown,Fall,2010,Casual,Numero Uno Men's Casual Brown Shoe
2507,Men,Footwear,Shoes,Casual Shoes,White,Fall,2010,Casual,Numero Uno Men's Casual White Sneakers Shoe
2508,Men,Footwear,Shoes,Casual Shoes,Brown,Fall,2010,Casual,Numero Uno Men's Casual Brown Shoe
2509,Men,Footwear,Shoes,Casual Shoes,Grey,Fall,2010,Casual,Numero Uno Men's Casual Grey Shoes
2510,Men,Footwear,Shoes,Casual Shoes,Black,Fall,2010,Casual,Numero Uno Men's Casual Black Leatherette Shoe
2511,Men,Footwear,Shoes,Casual Shoes,Blue,Fall,2010,Casual,Numero Uno Men's Casual Blue Leatherette Shoe
2540,Men,Footwear,Shoes,Casual Shoes,Blue,Fall,2010,Casual,Numero Uno Men's Casual Black Leatherette Shoe
2541,Men,Footwear,Shoes,Casual Shoes,White,Summer,2011,Casual,Numero Uno Men's Casual White Shoe
2542,Men,Footwear,Flip Flops,Flip Flops,Black,Summer,2011,Casual,Numero Uno Men's Casual Black Flip Flop
2543,Men,Footwear,Flip Flops,Flip Flops,Green,Fall,2010,Casual,Numero Uno Men's Casual Green Flip Flop
2544,Men,Footwear,Flip Flops,Flip Flops,Blue,Summer,2011,Casual,Numero Uno Men's Casual Blue Flip Flop
2545,Men,Footwear,Flip Flops,Flip Flops,Red,Summer,2011,Casual,Numero Uno Men's Casual Red Flip Flop
2546,Men,Footwear,Flip Flops,Flip Flops,Black,Fall,2010,Casual,Numero Uno Men's Casual Graphic Black Flip Flop
2547,Men,Footwear,Flip Flops,Flip Flops,Green,Summer,2011,Casual,Numero Uno Men's Casual Graphic Green Flip Flop
2548,Men,Footwear,Flip Flops,Flip Flops,Navy Blue,Fall,2010,Casual,Numero Uno Men's Casual Navy Blue Flip Flop
2549,Men,Footwear,Flip Flops,Flip Flops,Red,Summer,2011,Casual,Numero Uno Men's Casual Graphic Red Flip Flop
2550,Men,Footwear,Flip Flops,Flip Flops,Black,Fall,2010,Casual,Numero Uno Men's Casual Black Graphic Flip Flop
2551,Men,Footwear,Flip Flops,Flip Flops,Green,Summer,2011,Casual,Numero Uno Men's Casual Green Graphic Flip Flop
2552,Men,Footwear,Flip Flops,Flip Flops,Blue,Fall,2009,Casual,Numero Uno Men's Casual Blue Graphic Flip Flop
2553,Men,Footwear,Flip Flops,Flip Flops,Red,Summer,2011,Casual,Numero Uno Men's Casual Red Graphic Flip Flop
2554,Women,Apparel,Topwear,Tshirts,White,Summer,2011,Casual,Domyos Women's Proteen White T-shirt
2555,Women,Apparel,Topwear,Tops,Black,Summer,2011,Casual,Domyos Women Newtone Black Top
2556,Men,Apparel,Topwear,Tshirts,Black,Fall,2010,Casual,Domyos Men's Tank Respi Black T-shirt
2557,Women,Apparel,Topwear,Tshirts,Black,Summer,2011,Casual,Domyos Women's Actizen Black T-shirt
2558,Women,Apparel,Bottomwear,Track Pants,Black,Summer,2011,Casual,Domyos Women Trompette Track Pant
2559,Men,Apparel,Topwear,Tshirts,Black,Fall,2010,Casual,Decathlon Men's Comp Black T-shirt
2562,Women,Apparel,Bottomwear,Swimwear,Black,Fall,2012,Sports,Nabaiji Women Black Swimsuit
2564,Women,Apparel,Topwear,Tops,Black,Summer,2011,Casual,Domyos Women Black Tank Top
2572,Women,Apparel,Bottomwear,Track Pants,Navy Blue,Summer,2011,Casual,Domyos Women Navy Blue Track Pants
2574,Women,Apparel,Bottomwear,Shorts,Grey,Summer,2011,Casual,Domyos Women's Grey Short
2576,Women,Apparel,Topwear,Tops,Black,Summer,2011,Sports,Domyos Women Black Sports Top
2577,Women,Apparel,Topwear,Tops,White,Summer,2011,Casual,Domyos Women White Sports Top
2578,Women,Apparel,Bottomwear,Capris,White,Summer,2011,Casual,Domyos Women White Capri
2579,Women,Apparel,Bottomwear,Shorts,Blue,Summer,2011,Sports,Domyos Women's Blue Short
2580,Women,Apparel,Bottomwear,Capris,Black,Summer,2011,Sports,Domyos Women Black Capri
2582,Unisex,Accessories,Headwear,Caps,Red,Summer,2011,Casual,Kalenji Children's Red Cap
2584,Unisex,Apparel,Bottomwear,Track Pants,Black,Fall,2010,Sports,Kalenji Unisex Tight Black Track Pant
2585,Unisex,Accessories,Headwear,Caps,Black,Summer,2011,Casual,Kalenji Black Cap
2586,Women,Apparel,Topwear,Tshirts,Pink,Fall,2010,Casual,Quechua Women Pink T-shirt
2587,Women,Apparel,Topwear,Tshirts,Blue,Summer,2011,Casual,Quechua Women's Blue T-shirt
2588,Men,Apparel,Topwear,Tshirts,Black,Summer,2011,Casual,Quechua Men's Black T-shirt
2589,Women,Accessories,Headwear,Caps,Maroon,Summer,2011,Casual,Quechua Women Maroon Cap
2590,Women,Apparel,Bottomwear,Capris,Navy Blue,Summer,2011,Casual,Tribord Women Breeches Blue Capri
2591,Women,Apparel,Topwear,Tops,Black,Summer,2011,Casual,Tribord Women Tankini Black Top
2601,Men,Apparel,Topwear,Tshirts,Red,Fall,2010,Sports,ADIDAS Men's Red Stripe T-shirt
2602,Women,Apparel,Topwear,Tshirts,Purple,Fall,2010,Sports,ADIDAS Women Fiesta Purple T-shirt
2603,Men,Apparel,Topwear,Tshirts,Black,Summer,2011,Casual,ADIDAS Men's Black T-shirt
2604,Women,Apparel,Topwear,Tshirts,Maroon,Fall,2010,Sports,ADIDAS Women Maroon T-shirt
2605,Women,Apparel,Topwear,Tshirts,White,Fall,2010,Sports,ADIDAS Women's Icon White T-shirt
2606,Men,Apparel,Topwear,Tshirts,Black,Fall,2010,Sports,ADIDAS Men's Crew Black T-shirt
2607,Men,Apparel,Topwear,Tshirts,Black,Fall,2010,Sports,ADIDAS Men's Black Stripe T-shirt
2608,Women,Footwear,Shoes,Heels,Black,Winter,2012,Casual,Carlton London Women Contemporary Black Flats
2609,Women,Footwear,Shoes,Flats,Silver,Fall,2010,Casual,Carlton London Women Contemporary Silver Sandal
2610,Women,Footwear,Shoes,Heels,Black,Winter,2012,Casual,Carlton London Women Stylish Black Flats
2611,Women,Footwear,Shoes,Heels,Gold,Winter,2012,Casual,Carlton London Women Stylish Gold Flats
2612,Women,Footwear,Shoes,Flats,Black,Fall,2010,Casual,Carlton London Women Crystal Black Sandal
2613,Women,Footwear,Shoes,Flats,Silver,Fall,2010,Casual,Carlton London Women Crystal Silver Sandal
2614,Women,Footwear,Shoes,Flats,Beige,Fall,2010,Casual,Carlton London Women Greek Beige Sandal
2615,Men,Apparel,Topwear,Tshirts,Blue,Fall,2010,Sports,Nike Black Bleed Blue T-shirt
2616,Women,Footwear,Shoes,Flats,Gold,Fall,2010,Sports,Carlton London Women Gold Wedge Sandal
2617,Men,Apparel,Topwear,Tshirts,Red,Summer,2011,Sports,Nike Mens Red Bleed Blue T-shirt
2618,Women,Footwear,Shoes,Flats,Silver,Spring,2010,Casual,Carlton London Women Silver Wedge Sandal
2619,Men,Apparel,Topwear,Tshirts,White,Fall,2010,Sports,Nike Mens White Bleed Blue T-shirt
2620,Men,Apparel,Topwear,Tshirts,Blue,Fall,2010,Sports,Nike Men's Colors Team India T-shirt
2621,Men,Apparel,Topwear,Tshirts,Blue,Fall,2010,Sports,Nike Men's Bleed blue India Colors T-shirt
2622,Men,Apparel,Topwear,Tshirts,Blue,Fall,2010,Sports,Nike Mens Bleed Blue Team India T-shirt
2623,Women,Footwear,Shoes,Flats,Black,Fall,2010,Casual,Carlton London Women Black Sandal
2624,Women,Footwear,Shoes,Heels,Black,Winter,2012,Casual,Carlton London Women Black Solid Sandals
2625,Women,Footwear,Shoes,Flats,Gold,Fall,2009,Casual,Carlton London Women Wedge Gold Sandal
2626,Women,Footwear,Shoes,Flats,Red,Fall,2010,Casual,Carlton London Women Red Wedge Sandal
2627,Women,Footwear,Shoes,Flats,Silver,Fall,2010,Casual,Carlton London Women Wedge Silver Sandal
2628,Women,Footwear,Shoes,Flats,Gold,Fall,2010,Casual,Carlton London Women Four Strapped Gold Sandal
2629,Women,Footwear,Shoes,Flats,Black,Fall,2010,Casual,Carlton London Women Four Strapped Black Sandal
2630,Women,Footwear,Shoes,Flats,Red,Fall,2010,Casual,Carlton London Women Four Strapped Red Sandal
2631,Women,Footwear,Shoes,Flats,White,Winter,2012,Casual,Carlton London Women White Ballerinas
2632,Women,Footwear,Shoes,Flats,Pink,Fall,2010,Casual,Carlton London Women Pink Ballerinas Shoe
2633,Men,Footwear,Shoes,Heels,Black,Summer,2010,Smart Casual,Carlton London Men Black Leather Casual Shoes.
2634,Men,Footwear,Sandal,Sandals,Beige,Fall,2010,Casual,Carlton London Men Beige Strapped Sandal
2635,Men,Footwear,Sandal,Sandals,White,Fall,2010,Sports,Carlton London Men White Strapped Sandal
2636,Men,Footwear,Sandal,Sandals,Brown,Fall,2010,Casual,Carlton London Men Brown Strapped Sandal
2637,Men,Footwear,Shoes,Formal Shoes,Black,Winter,2012,Formal,Carlton London Men's Semi Formal Black Shoe
2638,Men,Footwear,Shoes,Formal Shoes,Brown,Fall,2010,Formal,Carlton London Men's Semi Formal Coffee Shoe
2639,Men,Footwear,Shoes,Formal Shoes,Brown,Fall,2010,Formal,Carlton London Men's Formal Brown Shoe
2640,Men,Footwear,Shoes,Formal Shoes,Brown,Winter,2012,Formal,Carlton London Men Brown Formal Shoes
2641,Men,Footwear,Shoes,Casual Shoes,Brown,Fall,2010,Casual,Carlton London Men's Casual Brown Shoe
2642,Men,Footwear,Shoes,Formal Shoes,Black,Fall,2010,Formal,Carlton London Men Semi Formal Black Shoe
2644,Women,Accessories,Bags,Handbags,Red,Winter,2015,Casual,Murcia Women Embroidered Canvas Bag
2645,Women,Accessories,Bags,Handbags,Pink,Winter,2015,Casual,Murcia Women Big Canvas Tote Bag
2647,Women,Accessories,Bags,Handbags,Brown,Winter,2015,Casual,Murcia Women Big Office Leather Brown Bag
2648,Women,Accessories,Bags,Handbags,Brown,Winter,2015,Casual,Murcia Women Leather Office Brown Bag
2649,Women,Accessories,Bags,Handbags,Black,Winter,2015,Casual,Murcia Women Leather Office Black Bag
2650,Women,Accessories,Bags,Handbags,Brown,Winter,2015,Casual,Murcia Women Brown Leather Bag
2651,Women,Accessories,Bags,Handbags,White,Winter,2015,Casual,Murcia Women Non Leather Laptop White Bag
2653,Women,Accessories,Bags,Handbags,Grey,Winter,2015,Casual,Murcia Women Leather Office Grey Bag
2654,Women,Accessories,Bags,Handbags,Red,Winter,2015,Casual,Murcia Women Basket Bag Assorted Bag
2655,Women,Accessories,Bags,Handbags,Brown,Winter,2015,Casual,Murcia Women Office Brown Bag
2656,Women,Accessories,Bags,Handbags,Silver,Winter,2015,Casual,Murcia Women Big Casual Silver Bag
2657,Women,Accessories,Bags,Handbags,Pink,Winter,2015,Casual,Murcia Women Big Casual Peach Bag
2658,Women,Accessories,Bags,Handbags,Pink,Winter,2015,Casual,Murcia Women Party Rose Pink Bag
2659,Women,Accessories,Bags,Handbags,Brown,Winter,2015,Casual,Murcia Women Brown Office Bag
2661,Women,Accessories,Bags,Handbags,Pink,Winter,2015,Casual,Murcia Women Jute Sling Pink Bag
2662,Women,Accessories,Bags,Handbags,Brown,Winter,2015,Casual,Murcia Women Brocade Bronze Bag
2663,Women,Accessories,Bags,Handbags,Brown,Winter,2015,Casual,Murcia Women Non Leather Brown Bag
2664,Women,Accessories,Bags,Handbags,Brown,Winter,2015,Casual,Murcia Bag
2665,Women,Accessories,Bags,Handbags,Grey,Winter,2015,Casual,Murcia Women Fancy Cream Hand Bag
2666,Women,Accessories,Bags,Handbags,Grey,Winter,2015,Casual,Murcia Women Casual Tote Grey Bag
2667,Women,Accessories,Bags,Handbags,Black,Winter,2015,Casual,Murcia Women Black Hand Bag
2668,Women,Accessories,Bags,Handbags,Purple,Winter,2015,Casual,Murcia Women Purple Leatherette Bag
2669,Women,Accessories,Bags,Handbags,Brown,Winter,2015,Casual,Murcia Women Khaki Leatherette Hand Bag
2670,Women,Accessories,Bags,Handbags,Yellow,Winter,2015,Casual,Murcia Women Yellow Leatherette Hand Bag
2671,Women,Accessories,Bags,Handbags,Gold,Winter,2015,Casual,Murcia Women Funky Print Hand Bag
2672,Women,Accessories,Bags,Handbags,Red,Winter,2015,Ethnic,Murcia Women Ethnic Hand Bag
2673,Women,Accessories,Bags,Handbags,Black,Winter,2015,Casual,Murcia Women Sleek Black Leatherette Hand Bag
2674,Men,Apparel,Topwear,Tshirts,Black,Summer,2011,Casual,Inkfruit Men's State Trance Black T-shirt
2675,Men,Apparel,Topwear,Tshirts,Black,Summer,2011,Casual,Inkfruit Men's Zeppelin Black T-shirt
2676,Women,Apparel,Topwear,Tshirts,Black,Winter,2011,Casual,Inkfruit Women Black T-shirt
2677,Men,Apparel,Topwear,Tshirts,Green,Summer,2011,Casual,Inkfruit Men's Vespa Green T-shirt
2678,Men,Apparel,Topwear,Tshirts,Black,Summer,2011,Casual,Inkfruit Men's R.I.P. Black T-shirt
2679,Men,Apparel,Topwear,Tshirts,Black,Summer,2011,Casual,Inkfruit Men's You Are Being Black T-shirt
2680,Men,Apparel,Topwear,Tshirts,Blue,Summer,2011,Casual,Inkfruit Men's Indian Rule Blue T-shirt
2681,Men,Apparel,Topwear,Tshirts,Black,Summer,2011,Casual,Inkfruit Men's Serial Black T-shirt
2682,Men,Apparel,Topwear,Tshirts,Navy Blue,Summer,2011,Casual,Inkfruit Men's Hues Blue T-shirt
2683,Men,Apparel,Topwear,Tshirts,Red,Summer,2011,Casual,Inkfruit Men's Red And Black T-shirt
2684,Men,Apparel,Topwear,Tshirts,Purple,Summer,2011,Casual,Inkfruit Men's City Beats Violet T-shirt
2685,Women,Apparel,Topwear,Tshirts,Black,Summer,2011,Casual,Inkfruit Women's Mesmerize Black T-shirt
2686,Women,Apparel,Topwear,Tshirts,Black,Summer,2011,Casual,Inkfruit Women's Chirfhy Black T-shirt
2687,Women,Apparel,Topwear,Tshirts,Orange,Summer,2011,Casual,Inkfruit Women's Love Wood Orange T-shirt
2688,Women,Apparel,Topwear,Tshirts,Green,Summer,2011,Casual,Inkfruit Women's Confession Green T-shirt
2689,Women,Apparel,Topwear,Tshirts,Purple,Summer,2011,Casual,Inkfruit Women Happy Dolphin Purple T-shirt
2691,Boys,Apparel,Bottomwear,Shorts,Blue,Summer,2011,Casual,Disney Kids Boy's Mickey Blue Denim Kidswear
2693,Boys,Apparel,Topwear,Shirts,Yellow,Summer,2011,Casual,Disney Kids Boy's Yellow Kidswear
2694,Boys,Apparel,Topwear,Shirts,Red,Summer,2011,Casual,Disney Kids Boy's Red Twofur Layered Kidswear
2695,Boys,Apparel,Topwear,Tshirts,White,Summer,2011,Casual,Disney Kids Boy's Baby Mickey Surf Kidswear
2697,Girls,Apparel,Dress,Dresses,Blue,Summer,2011,Casual,Disney Kids Girl's Blue Pooh Kidswear
2699,Girls,Apparel,Dress,Dresses,Pink,Summer,2011,Casual,Disney Kids Girls Disney girl pink pooh top Kidswear
2700,Girls,Apparel,Topwear,Tops,White,Summer,2011,Casual,Disney Kids Girl's White Kidswear
2701,Girls,Apparel,Topwear,Tops,Yellow,Summer,2011,Casual,Disney Kids Girl's Yellow Daisy Kidswear
2702,Girls,Apparel,Topwear,Shirts,Blue,Summer,2011,Casual,Disney Kids Girl's Blue Check Kidswear Shirt
2703,Girls,Apparel,Topwear,Tops,Pink,Summer,2011,Casual,Disney Kids Girl's Check Pink Kidswear
2704,Girls,Apparel,Dress,Dresses,White,Summer,2011,Casual,Disney Kids Girl's White Pooh Kidswear
2705,Girls,Apparel,Dress,Dresses,Blue,Summer,2011,Casual,Disney Kids Girl's Blue Pooh Blouse Kidswear
2706,Girls,Apparel,Topwear,Tops,Pink,Summer,2011,Casual,Disney Kids Girl's Pink Pooh Kidswear
2707,Girls,Apparel,Dress,Dresses,Pink,Summer,2011,Casual,Disney Kids Girl's Dress Pink Pooh Kidswear
2708,Girls,Apparel,Dress,Dresses,White,Summer,2011,Casual,Disney Kids Girl's White Dress Pooh Kidswear
2710,Girls,Apparel,Dress,Dresses,White,Summer,2011,Casual,Disney Kids Girl's White Daisy Kidswear
2711,Girls,Apparel,Dress,Dresses,Pink,Summer,2011,Casual,Disney Kids Girl's Halter Neck Pink Kidswear
2712,Girls,Apparel,Dress,Dresses,Blue,Summer,2011,Casual,Disney Kids Girl's Halter Neck Blue Kidswear
2714,Boys,Apparel,Topwear,Tshirts,Red,Summer,2011,Casual,Disney Kids Boy's Red Goofy Surf Kidswear
2715,Girls,Apparel,Topwear,Tops,Orange,Summer,2011,Casual,Disney Kids Girl's Minnie Orange Stripped Kidswear
2716,Girls,Apparel,Topwear,Tops,Red,Summer,2011,Casual,Disney Kids Girl's Minnie Red Stripped Kidswear
2717,Girls,Apparel,Topwear,Tops,Blue,Summer,2011,Casual,Disney Kids Girls Kidswear
2718,Girls,Apparel,Topwear,Tops,Red,Summer,2011,Casual,Disney Kids Girl's Red Pooh Kidswear
2719,Boys,Apparel,Bottomwear,Trousers,Blue,Summer,2011,Casual,Disney Kids Boy's Tiger Print Denim Pants
2720,Boys,Apparel,Bottomwear,Trousers,Blue,Summer,2011,Casual,Disney Kids Boy's Mickey Mouse Print Pants
2722,Boys,Apparel,Bottomwear,Shorts,Blue,Summer,2011,Casual,Disney Kids Boy's Denim Mickey Surf Kidswear
2724,Boys,Apparel,Topwear,Tshirts,White,Summer,2011,Casual,Disney Kids Boy's White Red Kidswear
2727,Boys,Apparel,Topwear,Tshirts,Yellow,Summer,2011,Casual,Disney Kids Boy's Yellow Polo Tshirt
2728,Girls,Apparel,Topwear,Tops,Pink,Summer,2011,Casual,Disney Kids Girl's Pink & White Pooh Kidswear
2730,Girls,Apparel,Topwear,Tops,Red,Summer,2011,Casual,Disney Kids Girl's Red Round Neck Kidswear
2732,Girls,Apparel,Topwear,Tops,White,Summer,2011,Casual,Disney Kids Girl's White Round Neck Kidswear
2737,Girls,Apparel,Topwear,Tops,Red,Summer,2011,Casual,Disney Kids Girl's Red Kidswear
2738,Boys,Apparel,Topwear,Tshirts,White,Summer,2011,Casual,Disney Kids Boy's Double Fun Kidswear
2740,Girls,Apparel,Topwear,Tops,Blue,Summer,2011,Casual,Disney Kids Girl's Blue Kidswear
2741,Girls,Apparel,Topwear,Tops,Pink,Summer,2011,Casual,Disney Kids Girl's Pink Kidswear
2742,Girls,Apparel,Topwear,Tops,White,Summer,2011,Casual,Disney Kids Girl's White Minnie & Red Kidswear
2743,Men,Apparel,Topwear,Tshirts,White,Summer,2011,Casual,Classic Polo Men's White T-shirt
2744,Girls,Apparel,Topwear,Tops,Orange,Summer,2011,Casual,Disney Kids Girl's Orange Stripe Kidswear
2745,Men,Apparel,Topwear,Tshirts,Black,Summer,2011,Casual,Classic Polo Men's Black T-shirt
2746,Boys,Apparel,Topwear,Tshirts,Yellow,Summer,2011,Casual,Disney Kids Boy's Yellow Polo Tshirt
2747,Men,Apparel,Topwear,Tshirts,White,Summer,2011,Casual,Classic Polo Men's White Stripes T-shirt
2748,Men,Apparel,Topwear,Tshirts,Grey,Summer,2011,Casual,Classic Polo Mens T-shirt
2749,Men,Apparel,Topwear,Tshirts,Grey,Summer,2011,Casual,Classic Polo Men's Grey stripe T-shirt
2750,Men,Apparel,Topwear,Tshirts,Blue,Summer,2011,Casual,Classic Polo Men's Blue Stripe T-shirt
2751,Men,Apparel,Topwear,Tshirts,Grey,Summer,2011,Casual,Classic Polo Mens T-shirt
2753,Men,Apparel,Topwear,Tshirts,Purple,Summer,2011,Casual,Classic Polo Men's Bold Stripe Grey T-shirt
2755,Men,Apparel,Topwear,Tshirts,Purple,Summer,2011,Casual,Classic Polo Mens T-shirt
2757,Men,Apparel,Topwear,Tshirts,Blue,Summer,2011,Casual,Classic Polo Men's Blue T-shirt
2760,Men,Apparel,Topwear,Tshirts,Black,Summer,2011,Casual,Classic Polo Men's Black-Grey T-shirt
2762,Men,Apparel,Topwear,Tshirts,Black,Summer,2011,Casual,Classic Polo Men's Plane Black T-shirt
2764,Men,Apparel,Topwear,Tshirts,Green,Summer,2011,Casual,Classic Polo Mens T-shirt
2766,Men,Apparel,Topwear,Tshirts,Grey,Summer,2011,Casual,Classic Polo Men's Light Grey T-shirt
2778,Men,Apparel,Topwear,Tshirts,Green,Summer,2011,Casual,Ediots Men's Imagination Important Green T-shirt
2779,Men,Apparel,Topwear,Tshirts,White,Summer,2011,Casual,Ediots T-shirt
2780,Men,Apparel,Topwear,Tshirts,Blue,Winter,2015,Casual,Ediots Men's God Loves PPL Turquoise T-shirt
2781,Men,Apparel,Topwear,Tshirts,Purple,Summer,2011,Casual,Ediots Men's Who Cares Purple T-shirt
2782,Men,Apparel,Topwear,Tshirts,Black,Summer,2011,Casual,Ediots Men's Who Cares Black T-shirt
2783,Men,Apparel,Topwear,Tshirts,Red,Summer,2011,Casual,Ediots Men's Bajau Kya Radio Red T-shirt
2784,Men,Apparel,Topwear,Tshirts,Blue,Summer,2011,Casual,Ediots Men's Bajau Kya Radio Turquoise T-shirt
2785,Men,Apparel,Topwear,Tshirts,Black,Summer,2011,Casual,Ediots Men's Zindagi Jhand Hai Black T-shirt
2786,Men,Apparel,Topwear,Tshirts,White,Summer,2011,Casual,Ediots Men's Mehenat Ka Fal White T-shirt
2787,Men,Apparel,Topwear,Tshirts,Black,Summer,2011,Casual,Ediots Men's Lega Kya Photu Black T-shirt
2788,Men,Apparel,Topwear,Tshirts,Yellow,Summer,2011,Casual,Ediots Men's Chronological Status Yellow T-shirt
2800,Men,Footwear,Shoes,Casual Shoes,Brown,Fall,2009,Casual,iD Men's Casual Strapped Leather Brown Shoe
2801,Men,Footwear,Sandal,Sandals,Black,Fall,2009,Casual,iD Men Casual Leather Black Sandal
2802,Men,Footwear,Sandal,Sandals,Multi,Fall,2009,Casual,iD Men Casual Leather Tmber Sandal
2803,Men,Footwear,Sandal,Sandals,Beige,Fall,2009,Casual,iD Men Casual Leather/Felt Beige Sandal
2805,Men,Footwear,Sandal,Sandals,Black,Fall,2009,Casual,iD Men Casual Leather/Felt Charcoal Sandal
2807,Men,Footwear,Shoes,Casual Shoes,Brown,Fall,2009,Casual,iD Men's Casual Leather Brown Funky Shoe
2809,Men,Footwear,Shoes,Casual Shoes,Black,Fall,2009,Casual,iD Men's Casual Leather Charcoal Funky Shoe
2812,Men,Footwear,Shoes,Casual Shoes,Black,Fall,2009,Casual,iD Men's Graphic Black Shoe
2814,Men,Footwear,Shoes,Casual Shoes,White,Fall,2010,Casual,iD Men's Leather Timber White Graphic Shoe
2817,Men,Footwear,Shoes,Casual Shoes,Black,Summer,2012,Casual,Lee Cooper Men's Casual Leather Black Shoe
2820,Men,Footwear,Sandal,Sandals,Black,Summer,2012,Formal,Lee Cooper Men Formal Leather Black Sandal
2821,Men,Footwear,Sandal,Sandals,Brown,Summer,2012,Formal,Lee Cooper Men Formal Leather Brown Sandal
2822,Men,Footwear,Shoes,Casual Shoes,Black,Summer,2012,Casual,Lee Cooper Men's Casual Felt Black Shoe
2823,Men,Footwear,Shoes,Formal Shoes,Black,Summer,2012,Formal,Lee Cooper Men's LC Formal Leather Black Shoe
2824,Men,Footwear,Shoes,Formal Shoes,Black,Summer,2012,Formal,Lee Cooper Men's Formal Leather Slip-On Black Shoe
2825,Men,Footwear,Shoes,Formal Shoes,Black,Summer,2012,Formal,Lee Cooper Men Leather Semi Formal Black Shoe
2826,Men,Footwear,Shoes,Formal Shoes,Brown,Summer,2012,Formal,Lee Cooper Men Leather Semi Formal Brown Shoe
2827,Men,Footwear,Shoes,Formal Shoes,Black,Winter,2015,Formal,Lee Cooper Men's Formal Simpleton Black Shoe
2828,Men,Footwear,Shoes,Casual Shoes,Blue,Summer,2012,Casual,Lee Cooper Men's LC Casual Denim Blue Shoe
2830,Men,Footwear,Shoes,Casual Shoes,Black,Summer,2012,Casual,Lee Cooper Men's Casual Canvas Black Shoe
2831,Men,Footwear,Shoes,Casual Shoes,Blue,Summer,2012,Casual,Lee Cooper Men's Casual Blue Canvas Shoe
2832,Men,Footwear,Shoes,Casual Shoes,Maroon,Summer,2012,Casual,Lee Cooper Men's Casual Brick Canvas Shoe
2833,Men,Footwear,Shoes,Casual Shoes,Black,Summer,2012,Casual,Lee Cooper Men's Casual Leather Darknight Black Shoe
2834,Men,Footwear,Shoes,Formal Shoes,Black,Summer,2012,Formal,Lee Cooper Men's Slip On Darknight Black Shoe
2835,Men,Apparel,Topwear,Tshirts,Grey,Summer,2011,Casual,Mr.Men Men's Mr.Mischief Dark Grey T-shirt
2836,Men,Apparel,Topwear,Tshirts,Purple,Summer,2011,Casual,Mr.Men Men's Mr.Mischief Wine T-shirt
2837,Men,Apparel,Topwear,Tshirts,Maroon,Summer,2011,Casual,Mr.Men Maroon T-shirt
2838,Men,Apparel,Topwear,Tshirts,Blue,Summer,2011,Casual,Mr.Men Men's Mr.Happy Blue T-shirt
2840,Men,Apparel,Topwear,Tshirts,White,Summer,2011,Casual,Mr.Men Men's Its Gonna Get Messy White T-shirt
2841,Men,Apparel,Topwear,Tshirts,Grey,Summer,2011,Casual,Mr.Men Men's Its Gonna Get Messy Grey T-shirt
2842,Men,Apparel,Topwear,Tshirts,Grey,Summer,2011,Casual,Mr.Men Men's Mr.Mischief Grey T-shirt
2843,Men,Apparel,Topwear,Tshirts,Pink,Summer,2011,Casual,Mr.Men Men's Mr.Mischief Pink T-shirt
2844,Men,Apparel,Topwear,Tshirts,Navy Blue,Summer,2011,Casual,Mr.Men Men's Mr.Busy Navy T-shirt
2845,Men,Apparel,Topwear,Tshirts,Blue,Summer,2011,Casual,Mr.Men Men's Mr.Noisy Blue T-shirt
2846,Men,Apparel,Topwear,Tshirts,Grey,Summer,2011,Casual,Mr.Men Men's Mr.Cool Black T-shirt
2847,Men,Apparel,Topwear,Tshirts,Purple,Summer,2011,Casual,Mr.Men Men's Is There More Love Purple T-shirt
2848,Men,Apparel,Topwear,Tshirts,Purple,Summer,2011,Casual,Mr.Men Men's Mr.Messy Purple T-shirt
2849,Men,Apparel,Topwear,Tshirts,Grey,Summer,2011,Casual,Mr.Men Men's Mr.Messy Lt Grey T-shirt
2850,Men,Apparel,Topwear,Tshirts,Grey,Summer,2011,Casual,Mr.Men Men's Mr.Funny Grey T-shirt
2851,Men,Apparel,Topwear,Tshirts,Blue,Summer,2011,Casual,Mr.Men Men's Just Mediating Mr.Lazy Blue T-shirt
2852,Men,Apparel,Topwear,Tshirts,Blue,Summer,2011,Casual,Mr.Men Men's What Me Rude Blue T-shirt
2853,Men,Apparel,Topwear,Tshirts,White,Summer,2011,Casual,Mr.Men Printed White T-shirt
2854,Men,Apparel,Topwear,Tshirts,Green,Summer,2011,Casual,Mr.Men Men's Less Work More Sleep Green T-shirt
2855,Men,Apparel,Topwear,Tshirts,Black,Summer,2011,Casual,Mr.Men Men's Is There More Love Black T-shirt
2856,Men,Apparel,Topwear,Tshirts,Grey,Summer,2011,Casual,Mr.Men Men's Mr.Happy Grey T-shirt
2857,Men,Apparel,Topwear,Tshirts,Grey,Summer,2011,Casual,Mr.Men Men's Mr.Busy Grey T-shirt
2858,Men,Apparel,Topwear,Tshirts,Grey,Summer,2011,Casual,Mr.Men Men's Mr.Cool Grey T-shirt
2859,Men,Apparel,Topwear,Tshirts,Purple,Summer,2011,Casual,Mr.Men Men's Mr.Cool Wine T-shirt
2860,Men,Apparel,Topwear,Tshirts,Blue,Summer,2011,Casual,Inkfruit Men's Rising Soccer T-shirt
2861,Men,Apparel,Topwear,Tshirts,Green,Summer,2011,Casual,Inkfruit Men's I am Hooked Green T-shirt
2862,Men,Apparel,Topwear,Tshirts,Navy Blue,Summer,2011,Casual,Inkfruit Men's Stumped Navy Blue T-shirt
2863,Men,Apparel,Topwear,Tshirts,Green,Summer,2011,Casual,Inkfruit Mens Kick Off T-shirt
2865,Men,Apparel,Topwear,Tshirts,Blue,Summer,2011,Casual,Inkfruit Men's Men in Blue White T-shirt
2866,Men,Apparel,Topwear,Tshirts,Purple,Summer,2011,Casual,Inkfruit Men's Three Side Cricket T-shirt
2867,Men,Apparel,Topwear,Tshirts,Black,Summer,2011,Casual,Inkfruit Men's Just bowl It Black T-shirt
2868,Men,Apparel,Topwear,Tshirts,Red,Summer,2011,Casual,Inkfruit Mens Not Just a Game T-shirt
2869,Men,Footwear,Shoes,Casual Shoes,White,Fall,2009,Casual,iD Men's Denim White Graphic Shoe
2870,Women,Footwear,Shoes,Heels,Red,Winter,2015,Ethnic,Catwalk Women Ethnic Red Heels
2872,Women,Footwear,Shoes,Heels,Brown,Winter,2015,Casual,Catwalk Women Leather Flats
2874,Women,Footwear,Shoes,Heels,Black,Winter,2015,Casual,Catwalk Women Black Heels
2876,Women,Footwear,Shoes,Heels,Black,Winter,2015,Casual,Catwalk Women Party Heeled Strap Black Heels
2877,Women,Footwear,Shoes,Heels,Brown,Winter,2015,Casual,Catwalk Women Rose Mary Flats
2878,Women,Footwear,Shoes,Heels,Brown,Winter,2015,Casual,Catwalk Women Royalty Brown Flats
2879,Women,Footwear,Shoes,Heels,Blue,Winter,2015,Casual,Catwalk Women Blue Heels
2880,Women,Footwear,Shoes,Heels,Grey,Summer,2016,Formal,Catwalk Women Leather Formal Grey Heels
2882,Women,Footwear,Shoes,Heels,Black,Winter,2015,Casual,Catwalk Women Leather Slip-Ons Black Flats
2885,Women,Footwear,Shoes,Heels,Beige,Winter,2015,Casual,Catwalk Women Leather Cut Boot Beige Flats
2886,Women,Footwear,Shoes,Flats,Brown,Winter,2015,Casual,Catwalk Women Leather Brown Flats
2887,Women,Footwear,Shoes,Heels,Beige,Winter,2015,Casual,Catwalk Women Black Ballerinas
2888,Women,Footwear,Shoes,Heels,Brown,Winter,2015,Casual,Catwalk Women Wedding Heeled Bronze Heels
2889,Women,Footwear,Shoes,Heels,Brown,Winter,2015,Casual,Catwalk Women Leather Cutshoe Brown Flats
2890,Women,Footwear,Shoes,Heels,Brown,Winter,2015,Casual,Catwalk Women Leather Brown Cut Flats
2892,Women,Footwear,Shoes,Heels,White,Winter,2015,Casual,Catwalk Women Flat Zip White Flats
2893,Women,Footwear,Shoes,Heels,Brown,Winter,2015,Casual,Catwalk Women Ethnic Flat Gun Metal Flats
2894,Women,Footwear,Shoes,Heels,Multi,Winter,2015,Casual,Catwalk Women Ethnic Flat Multi Color Flats
2895,Women,Footwear,Shoes,Heels,Blue,Winter,2015,Casual,Catwalk Women Heeled Black Silver Strap Heels
2897,Women,Footwear,Shoes,Heels,Silver,Winter,2015,Casual,Catwalk Women Golden Heels
2899,Women,Footwear,Shoes,Heels,Gold,Winter,2015,Casual,Catwalk Women Wedding Collection Gold Heels
2900,Women,Footwear,Shoes,Heels,Silver,Winter,2015,Casual,Catwalk Women Wedding Collection Silver Heels
2901,Women,Footwear,Shoes,Heels,Black,Winter,2015,Formal,Catwalk Women Corporate Leather Black Heels
2903,Women,Footwear,Shoes,Heels,Brown,Winter,2015,Casual,Catwalk Women Heeled Brown Silver Strap Heels
2910,Women,Footwear,Shoes,Heels,Brown,Winter,2015,Casual,Catwalk Women Wedding Collection Bronze Heels
2912,Women,Footwear,Shoes,Heels,Gold,Winter,2015,Casual,Catwalk Women Wedding Gold Crystal Heels
2915,Women,Apparel,Topwear,Tops,White,Fall,2010,Casual,DUSG Women Bandhavgarh Organic Aqua Top
2916,Women,Apparel,Topwear,Tops,Yellow,Fall,2010,Casual,DUSG Women Reuse Reduce Bamboo Yellow Top
2918,Men,Apparel,Topwear,Tshirts,Green,Summer,2011,Casual,DUSG Men's Bharatpur Organic Cotton Green T-shirt
2920,Women,Apparel,Topwear,Tshirts,Blue,Fall,2010,Casual,DUSG Women's Green Polo T-shirt
2921,Women,Apparel,Topwear,Tshirts,Multi,Fall,2010,Casual,DUSG Women's Brown Polo T-shirt
2922,Men,Apparel,Topwear,Tshirts,White,Fall,2010,Casual,DUSG Men's Sunderbans Organic Natural T-shirt
2923,Men,Apparel,Topwear,Tshirts,Green,Fall,2010,Casual,DUSG Men's Sariska Organic Olive T-shirt
2928,Men,Apparel,Topwear,Tshirts,White,Fall,2010,Casual,DUSG Men's Earth Warrior Organic Natural T-shirt
2931,Men,Apparel,Topwear,Tshirts,White,Fall,2010,Casual,DUSG Men's Burning Tiger Bamboo Natural T-shirt
2934,Men,Apparel,Topwear,Tshirts,Blue,Fall,2010,Casual,DUSG Men's Tortoise Organic Aqua T-shirt
2936,Women,Apparel,Topwear,Tshirts,Maroon,Fall,2010,Casual,DUSG Women's Red Polo T-shirt
2937,Women,Apparel,Topwear,Tshirts,Peach,Fall,2010,Casual,DUSG Women's Mother & Child Bamboo Sand T-shirt
2938,Women,Apparel,Topwear,Tops,Multi,Fall,2010,Casual,DUSG Women Crane Bamboo Top
2939,Women,Apparel,Topwear,Tshirts,Blue,Fall,2010,Casual,DUSG Women's Play Lady Organic Blue T-shirt
2940,Women,Apparel,Topwear,Tops,Maroon,Fall,2010,Casual,DUSG Women Peacock Ladies Organic Cotton Top
2944,Men,Apparel,Topwear,Tshirts,White,Fall,2015,Casual,DUSG Men's Gorilla Organic Natural T-shirt
2947,Women,Apparel,Topwear,Tops,Yellow,Fall,2010,Casual,DUSG Women Uttarkashi Organic Endive Top
2953,Women,Apparel,Bottomwear,Capris,Yellow,Fall,2010,Casual,DUSG Women Rishikesh Organic Wheat Capri
2954,Women,Apparel,Bottomwear,Capris,Yellow,Fall,2010,Casual,DUSG Women Uttarkashi Organic Endive Capri
2956,Women,Apparel,Topwear,Tops,Yellow,Fall,2010,Casual,DUSG Women Rishikesh Organic Wheat Top
2963,Men,Footwear,Shoes,Sports Shoes,White,Fall,2010,Sports,Puma Men's Basket Biz White & Blue Shoe
2964,Men,Footwear,Shoes,Casual Shoes,White,Fall,2010,Casual,Puma Men's Match Classic White & Green Shoe
2965,Men,Footwear,Shoes,Casual Shoes,White,Fall,2010,Casual,Puma Men's Excurse White Spectrum Blue Shoe
2966,Men,Footwear,Shoes,Casual Shoes,Navy Blue,Fall,2010,Casual,Puma Men's Bencio Leather White & Blue Shoe
2967,Men,Footwear,Shoes,Sports Shoes,Black,Fall,2010,Sports,Puma Men's Mid Pixel Black & Silver Canvas Shoe
2969,Men,Apparel,Topwear,Tshirts,Black,Fall,2010,Casual,Puma Men's Black T-shirt
2970,Men,Apparel,Topwear,Tshirts,White,Fall,2010,Casual,Puma Men's White T-shirt
2971,Men,Apparel,Topwear,Tshirts,Black,Fall,2010,Casual,Puma Men's Sless Black T-shirt
2972,Men,Apparel,Topwear,Tshirts,White,Fall,2010,Casual,Puma Men's Sless White T-shirt
2973,Men,Apparel,Topwear,Tshirts,Yellow,Fall,2010,Casual,Puma Men's Heroes Yellow T-shirt
2974,Women,Apparel,Topwear,Tshirts,Green,Fall,2010,Casual,Puma Women's Heroes Green T-shirt
2975,Men,Apparel,Topwear,Tshirts,Blue,Fall,2010,Casual,Puma Men's Lifestyle Heritage Blue Polo T-shirt
2976,Women,Apparel,Topwear,Tshirts,Purple,Fall,2010,Casual,Puma Women's Lifestyle Purple Polo T-shirt
2977,Women,Apparel,Topwear,Tshirts,White,Summer,2011,Casual,Puma Women's Punk Graphic White T-shirt
2978,Women,Apparel,Topwear,Tshirts,Pink,Fall,2010,Casual,Puma Women's Punk Graphic Pink T-shirt
2979,Men,Apparel,Topwear,Tshirts,Black,Fall,2010,Casual,Puma Men's Jersey Black Polo T-shirt
2980,Men,Apparel,Topwear,Tshirts,White,Fall,2010,Casual,Puma Men's Tee2 White T-shirt
2981,Men,Apparel,Topwear,Tshirts,Blue,Fall,2010,Casual,Puma Men's Hawaian Ocan Blue T-shirt
2982,Women,Apparel,Topwear,Tops,White,Fall,2011,Casual,Puma Women White Top
2983,Women,Apparel,Topwear,Tshirts,Grey,Fall,2010,Casual,Puma Women's Graphic V-Neck Grey T-shirt
2984,Men,Apparel,Topwear,Tshirts,Red,Fall,2010,Casual,Puma Men's Power Cat Graphic Red T-shirt
2985,Men,Apparel,Topwear,Tshirts,Black,Fall,2010,Sports,Puma Men's Football Smash Graphic Black T-shirt